"business_id","avg_review_stars","review_count","fries","chips","onion rings","nachos","wings","burger","monzarella stick","quesadillas","cheese","sandwitch","pizza","taco","popcorn","bacon","slider","fried","shrimp","salads","dip","oysters","sauce","peanut","chicken","beer","cocktail","spark","spirit","rum","whiskey","vodka","tequila","brandy","gin","negroni","mojito","margarita","martini","waiter","waitress","park","wifi","restroom","price","music","band","light","environment","atomsphere"
"6xZIJU1xYyF4G6eXkO7yig",3.57777777777778,45,0,1,0,0,0,0,0,0,0,0,0,0,0,0,0,0,-1,0,1,0,0,0,1,0,1,0,0,1,0,1,0,0,0,0,0,0,0,-1,0,0,0,0,1,0,0,0,0,0
"IQnLSNtdevr8LboYNgYn6g",4.18918918918919,37,0,0,0,0,0,0,0,0,0,0,0,0,0,0,0,0,0,0,0,0,0,0,0,1,0,0,0,0,0,0,0,0,0,0,0,0,0,0,0,-1,0,1,1,0,0,0,0,0
"yWUBX9Pe6pzh1PjVj04UmQ",4.0377358490566,477,1,0,1,0,1,0,0,0,0,0,0,0,0,0,0,0,0,0,0,0,0,1,0,0,1,0,0,1,0,0,0,0,0,0,0,0,0,0,0,0,0,-1,1,0,0,0,0,0
"WCqcYtJ4rUxA4bIzjOfzqg",3.61757719714964,421,0,0,0,0,0,0,0,0,1,0,1,0,0,0,0,-1,0,1,0,0,0,0,0,-1,1,0,0,0,0,-1,0,0,0,0,1,1,0,0,-1,-1,0,-1,1,0,0,0,0,0
"zFnPRtP7LGvr3sfxvy_dfg",3.2688679245283,212,0,0,0,0,0,0,0,0,0,0,0,0,0,1,1,1,0,1,0,0,1,0,0,0,0,0,0,0,0,0,0,0,0,0,0,-1,1,0,0,0,0,0,0,0,0,0,0,0
"VWMSLDPCvfqjw5DDHShQkA",3.51282051282051,117,0,0,0,0,0,1,0,0,0,0,1,0,0,0,0,0,0,0,1,0,0,0,0,1,0,0,0,0,1,0,0,0,-1,0,0,0,1,1,1,0,0,0,1,0,0,0,0,0
"K3iw26MkmSBPAM7BzHkIYQ",3.93959731543624,149,0,0,0,0,0,0,0,0,0,0,0,0,0,0,0,1,1,-1,0,1,0,0,0,0,0,0,0,0,0,0,0,0,0,0,0,0,1,1,1,1,0,0,0,0,0,0,0,0
"B1imfnKRvcotaYacPGUrLQ",4.23428571428571,175,0,0,0,0,0,0,0,0,0,0,0,0,0,0,0,1,0,1,0,1,1,0,1,0,0,0,0,-1,0,0,0,0,1,0,0,0,0,0,0,0,0,0,1,0,0,0,0,0
"qWSwDbtJRBvKTiMpH3rNLQ",3.79674796747967,246,0,0,0,0,0,0,0,0,0,0,0,1,0,0,0,1,0,0,0,0,0,1,1,0,0,0,0,0,0,0,0,0,0,0,0,0,1,0,1,0,0,0,1,0,0,0,0,0
"the19uDwR-41n8x861F7Hg",4.17777777777778,180,1,1,0,0,0,0,0,-1,0,0,0,0,0,0,0,0,1,0,0,0,1,1,1,1,1,0,0,0,0,0,0,0,0,0,1,0,0,0,1,0,0,0,1,0,0,0,0,0
"tNxGH0dYx_JinTxnwwjZUA",4.04545454545455,198,0,0,0,0,0,0,0,0,-1,0,0,0,0,0,0,0,0,0,0,0,0,-1,0,1,0,0,0,0,0,0,0,0,0,0,0,0,0,0,0,0,0,0,0,0,0,0,0,0
"t8V_P7ZzRrhDQoqeoGVahQ",4.37323943661972,426,1,1,0,-1,1,0,0,0,0,0,1,0,0,1,0,0,0,-1,0,0,1,0,0,1,1,0,1,1,1,1,0,0,0,0,0,1,-1,0,-1,0,0,0,1,0,0,0,0,0
"WPV0ucYjnb2HOrNxSopv6A",3.76608187134503,171,0,0,0,0,0,0,0,0,0,0,1,0,0,1,0,1,1,1,0,0,0,0,0,0,1,0,0,1,0,1,0,0,1,0,0,0,0,1,1,1,0,0,0,0,0,0,0,0
"vqG1Z2XpS_PryPsfY0CSng",4.30238726790451,377,1,1,0,0,0,0,0,0,0,0,0,0,0,1,1,1,0,0,1,0,0,0,0,-1,0,0,0,0,0,0,0,0,0,0,0,0,1,1,0,0,0,0,0,0,0,0,0,0
"hggVnGwA5042-ABxqeJX-A",4.41731066460587,647,1,1,0,0,0,0,0,0,1,0,0,0,0,1,1,1,0,0,1,0,1,1,1,1,1,0,0,1,0,0,0,0,0,0,0,1,0,0,1,-1,0,0,1,0,0,0,0,0
"bgvm73MMjC2f5qo_RgXOXg",4.08988764044944,267,1,0,0,0,0,1,0,0,1,0,0,0,1,1,0,0,1,0,1,1,0,1,0,1,0,0,0,-1,0,0,1,0,0,0,0,0,0,0,0,0,0,0,1,0,0,0,0,0
"S9NEydYJRzVMmTtbzTTl8A",3.96969696969697,33,0,0,0,0,0,0,0,0,0,0,0,0,0,0,0,1,0,0,0,0,1,0,0,1,0,0,0,0,0,0,0,0,-1,0,0,0,0,0,0,1,0,0,1,0,0,0,0,0
"QH2OSulslnQ7Yn8Xs81SPg",3.90769230769231,195,1,0,0,1,1,0,0,0,1,0,0,1,0,-1,0,1,0,0,0,1,0,0,1,1,1,0,0,0,0,0,0,0,0,0,0,0,0,1,0,0,0,0,1,0,0,0,0,0
"9yZPy1Vlr6W7J9tpLFubXA",4.08791208791209,91,0,0,0,0,0,0,0,0,0,0,0,0,0,0,0,0,0,0,0,0,0,0,0,1,0,0,0,0,0,0,0,0,0,0,0,0,0,0,0,-1,0,0,1,0,0,0,0,0
"trodK1jXLGIn5qjJCooIpQ",3.87188612099644,281,1,0,1,0,1,1,0,0,0,0,0,0,0,1,1,0,-1,0,1,1,1,0,1,0,1,-1,0,0,0,0,0,0,0,0,0,0,0,0,0,0,0,0,1,0,0,0,0,0
"CJty_bUZVJJaLFcTppxmzg",3.37096774193548,62,0,0,0,0,0,0,0,0,0,0,0,0,0,0,0,0,0,0,0,0,0,0,0,0,1,0,0,1,0,0,0,0,-1,0,0,0,0,0,0,0,0,-1,1,0,0,0,0,0
"c24ZZshnU3sKqHQF8K_7Yg",3.81889763779528,127,-1,1,1,0,0,0,0,0,1,0,0,0,0,0,0,0,1,-1,1,1,1,0,0,0,1,0,0,-1,0,0,0,0,0,0,0,0,0,1,0,1,0,0,0,0,0,0,0,0
"tMlVZWa4SsI01qYMRQerKg",4.30952380952381,168,0,0,0,0,0,0,0,0,0,0,0,0,1,-1,0,0,0,0,0,0,0,0,0,0,0,0,0,-1,0,0,0,0,0,0,0,0,0,0,0,0,0,0,1,0,0,0,0,0
"NwWYSYGHFyHQMmsXu0SiYA",2.92352941176471,170,0,0,0,0,0,0,0,0,0,0,0,0,0,0,-1,0,0,-1,-1,0,0,0,0,0,0,0,0,0,0,0,0,0,0,0,0,0,0,-1,-1,0,0,0,0,0,0,0,0,0
"TZmMsbw5TbRqv8rmKj_aGg",4.40758293838863,211,0,1,0,0,0,0,0,0,0,0,0,0,0,-1,0,-1,1,1,0,0,0,0,1,1,0,0,1,0,0,0,0,0,1,0,0,0,0,0,0,0,0,0,1,0,0,0,0,0
"Abm-1HRGPyevBtnC3Rpxag",3.11527377521614,347,0,0,0,0,1,0,0,-1,0,0,1,0,0,0,0,0,0,1,0,0,0,0,0,1,1,0,1,0,0,0,0,0,0,0,0,1,1,0,0,1,0,0,0,0,0,0,0,0
"I8DIq321Tkm-wi9z5gTv9A",3.55115511551155,303,0,0,0,0,0,0,0,0,0,0,1,-1,0,0,0,0,-1,-1,1,0,0,0,0,1,-1,0,1,0,0,0,0,0,0,0,0,0,0,0,0,1,0,0,1,0,0,0,0,0
"1bXC3NewRsBL1gecvGXA-g",3.37333333333333,150,0,0,1,0,0,0,0,-1,0,0,0,0,0,0,0,0,0,0,0,0,0,0,0,0,0,-1,1,-1,0,0,0,0,0,0,0,0,0,0,0,-1,0,0,0,0,0,0,0,0
"F1odkZWmcXGylij8HjRq6Q",4.3015873015873,315,1,1,1,1,0,1,0,0,0,0,0,1,0,0,0,0,0,0,0,0,0,0,0,0,0,0,0,0,1,0,0,0,0,0,0,0,0,0,1,0,0,0,0,0,0,0,0,0
"sJpl9ufYT87UWhtW-5UkmQ",3.33128834355828,163,-1,1,0,1,0,1,0,0,-1,0,0,0,0,0,0,-1,0,0,0,0,0,0,0,0,0,0,0,0,0,0,0,0,-1,0,0,1,-1,0,0,0,0,0,1,0,0,0,0,0
"-5XuRAfrjEiMN77J4gMQZQ",3.76923076923077,52,0,0,0,0,0,0,0,0,0,0,0,1,0,0,0,0,0,0,0,0,0,0,0,0,0,0,0,0,0,0,0,0,0,0,0,0,0,0,0,0,0,0,1,0,0,0,0,0
"VeFqptSzekFAc3FZOpi81Q",4.3352435530086,349,0,0,1,1,0,1,0,-1,-1,0,0,0,0,1,0,1,0,-1,1,0,1,0,0,1,0,0,0,1,0,0,0,0,0,0,0,0,0,1,1,0,0,0,1,0,0,0,0,0
"cdkzUI1tXc8rUMF33iKMlg",3.04878048780488,82,0,1,0,0,0,0,0,0,0,0,0,0,0,0,0,-1,0,0,1,0,-1,0,0,0,0,0,0,1,0,0,0,0,-1,0,0,1,0,0,-1,-1,0,0,0,0,0,0,0,0
"EvWGuX0eqKcZvLRgtIFHZg",4.06734006734007,297,0,0,1,1,1,0,0,0,0,0,0,0,0,1,0,1,0,1,0,0,1,0,1,0,0,0,0,1,0,0,0,0,0,0,0,0,0,1,1,0,0,0,1,0,0,0,0,0
"M10n-ivjDkkdLaxIYNafFQ",3.57492354740061,327,1,0,1,0,0,1,0,0,1,0,-1,0,0,1,1,1,1,1,0,0,0,0,0,1,0,0,0,0,0,0,0,0,1,0,0,0,1,0,1,0,0,0,1,0,0,0,0,0
"bivY4IG4zyvMakJ9UQdSdw",3.328125,64,1,0,0,0,0,1,0,0,0,0,0,0,0,0,0,-1,1,0,1,0,1,0,1,1,0,0,0,0,0,0,0,0,0,0,0,0,-1,1,0,1,0,0,1,0,0,0,0,0
"SXgVJz5aIvbeCXWvg0ZuNg",3.60416666666667,144,0,0,0,0,0,-1,0,0,0,0,0,-1,0,0,0,1,0,0,1,0,0,0,0,1,0,0,1,-1,0,0,0,0,0,0,0,0,0,1,0,1,0,0,1,0,0,0,0,0
"XlOI0qLdQch7YDAs5A011Q",4.06938775510204,245,1,0,0,0,0,1,0,0,0,0,0,0,0,0,-1,0,0,0,1,0,1,0,0,1,0,0,-1,1,0,0,0,1,0,0,-1,0,0,1,0,0,0,0,1,0,0,0,0,0
"FKOF8_OMvoPoDHOplDd7tQ",3.94405594405594,286,0,-1,0,0,1,0,0,0,0,0,1,-1,0,0,1,0,0,1,0,0,0,0,0,0,1,0,0,1,0,0,0,0,0,0,0,0,-1,0,1,0,0,0,1,0,0,0,0,0
"ADgacmZ-qXrSOhMfU6bmTA",3.6099518459069,623,0,0,0,0,0,1,0,0,1,0,1,1,0,1,0,0,0,-1,1,0,1,-1,1,0,0,0,0,1,0,0,-1,0,0,0,0,0,0,0,0,0,0,0,0,0,0,0,0,0
"FBSWwaE6gR7KAOyG1QhakQ",4,214,0,0,0,0,0,1,0,0,0,0,0,1,0,1,0,1,0,1,0,1,1,0,1,1,1,0,1,1,0,1,1,0,0,0,0,1,1,0,1,0,0,0,1,0,0,0,0,0
"k-drEjxKmfqllwfY90STfA",3.51224489795918,490,-1,0,0,1,0,0,0,-1,0,0,0,0,0,-1,0,0,0,0,0,0,0,1,0,0,1,1,0,0,0,0,0,0,1,0,0,0,0,0,0,0,0,0,0,0,0,0,0,0
"uGzxwS3Q6QuyFw2ZnDvw0w",4.01547987616099,323,1,0,0,0,1,1,0,0,0,0,0,0,0,0,0,1,0,1,0,0,1,0,0,1,1,0,0,1,0,0,0,0,0,0,0,0,0,0,0,-1,0,0,1,0,0,0,0,0
"g4rkl-BorzlT1hIz_-vsew",3.18888888888889,90,0,0,0,0,0,0,0,-1,0,0,0,1,0,0,0,-1,0,0,0,0,-1,0,0,1,0,0,0,0,0,0,0,0,-1,0,0,-1,0,0,0,0,0,0,0,0,0,0,0,0
"HhcBx0LSDkxRBKMkvkwSoA",4.26388888888889,144,0,0,0,0,1,0,0,0,0,0,0,1,0,0,0,1,1,0,1,0,1,0,1,1,1,0,0,1,0,0,0,0,0,0,0,0,1,-1,0,0,0,0,1,0,0,0,0,0
"rNoMSO6AsegKb9-p6Ir7SQ",3.82758620689655,145,0,0,1,0,1,0,0,0,1,0,0,0,0,0,0,1,0,0,1,0,0,0,1,0,1,0,0,0,0,-1,0,0,0,0,0,0,0,0,0,-1,0,1,0,0,0,0,0,0
"Cdk3wRR7TwJb1JW7agPJXw",3.71891891891892,185,0,0,0,0,0,0,0,0,0,0,0,-1,0,0,1,0,1,0,0,0,0,0,0,1,1,0,1,0,0,0,0,0,1,0,0,1,0,0,0,1,0,0,1,0,0,0,0,0
"QIcXq4Z3_2lvg9rmmoGF-A",2.41176470588235,68,0,-1,0,0,0,-1,0,0,-1,0,0,0,0,0,0,-1,0,-1,0,0,-1,0,0,1,1,0,0,0,0,0,0,0,0,0,0,0,0,1,1,0,0,0,0,0,0,0,0,0
"S9QkaFZ-64t8KpWvC5m4lA",4.1875,64,0,0,0,0,0,0,0,0,0,0,0,0,0,0,0,0,0,0,0,0,0,0,0,-1,0,0,0,0,0,0,0,0,-1,0,0,0,0,1,0,0,0,0,1,0,0,0,0,0
"NMO1hExBvamoZ9RKEVNcYg",2.9873417721519,237,0,-1,0,0,0,0,0,0,1,0,1,0,0,-1,1,0,0,0,-1,0,1,0,1,0,0,0,0,0,0,0,0,0,-1,0,0,1,0,0,0,-1,0,0,0,0,0,0,0,0
"tshN5rYRrzanHu4ZiwCVrA",2.91,100,0,0,0,0,0,0,0,0,1,0,0,0,0,0,0,0,0,0,0,0,0,0,0,-1,0,0,0,-1,0,0,0,0,0,0,0,1,0,0,0,0,0,0,0,0,0,0,0,0
"a2h9nrVMpNvfwMBo1e8ffg",3.20325203252033,123,0,0,0,0,0,0,0,0,0,0,0,0,0,0,0,0,0,0,0,0,0,0,0,0,0,0,1,0,0,0,0,0,0,0,0,0,0,0,1,0,0,1,0,0,0,0,0,0
"zMnojW6x-1-nVu0uCd60Ew",3.36170212765957,282,0,-1,0,1,0,0,0,0,0,0,0,0,0,1,0,0,0,1,0,0,0,0,0,1,1,0,0,0,0,1,0,0,0,0,0,0,0,0,1,-1,0,0,1,0,0,0,0,0
"NFm869_w6cvVaWaNpAzjeA",4.2031076581576,901,0,0,0,0,0,1,0,0,0,0,-1,0,0,0,1,0,0,-1,1,0,0,0,0,0,1,1,0,0,0,0,0,0,1,0,1,0,0,1,0,0,0,0,1,0,0,0,0,0
"AC6CRT62_sie9UpmqeGyvw",3.38775510204082,49,0,-1,1,0,0,1,0,0,1,0,0,0,0,0,0,1,1,1,1,0,0,0,0,1,0,0,0,0,0,0,0,0,0,0,0,0,0,0,-1,0,0,0,1,0,0,0,0,0
"gsNzoJQb8VLLkkZJ9UEf8A",2.98333333333333,60,0,0,0,0,0,1,0,0,0,0,0,0,0,0,0,0,-1,-1,0,-1,-1,0,-1,0,0,0,0,-1,0,0,0,0,0,0,0,0,0,0,-1,0,0,0,0,0,0,0,0,0
"LpAdf_z1A9REhTQjr1B4cA",3.39285714285714,140,-1,0,0,0,0,0,0,0,1,0,0,1,0,1,0,0,0,0,1,1,0,0,-1,0,0,0,0,0,0,0,0,0,0,0,0,0,0,0,0,0,0,0,1,0,0,0,0,0
"Ggh9JwuIwPBiMmx16kAiug",3.77931034482759,145,0,0,0,0,0,0,0,0,0,0,1,0,0,0,0,0,0,0,1,0,1,0,0,1,1,0,0,0,0,0,0,0,0,0,0,0,1,0,1,0,0,0,0,0,0,0,0,0
"31acLzszeCCpeXmyAnoTdg",3.96774193548387,124,0,1,0,0,0,0,0,0,1,0,1,0,0,0,0,1,1,1,1,0,1,0,0,1,1,0,0,0,0,0,0,0,1,0,0,0,1,0,0,0,0,0,-1,0,0,0,0,0
"SXQEYB5qR_y8LNQUsGKHhA",3.65714285714286,35,1,1,1,0,1,0,0,-1,1,0,1,0,0,0,-1,0,0,0,0,0,0,0,1,1,0,0,0,0,0,0,0,0,0,0,0,0,0,0,0,0,0,0,1,0,0,0,0,0
"sAXy1yJRLllTm5WrJbJGAA",4.03012048192771,332,0,0,1,0,0,0,0,0,1,0,0,0,1,1,1,0,1,1,0,0,1,0,1,-1,1,-1,1,1,0,1,0,0,1,0,0,0,0,0,0,0,0,-1,1,0,0,0,0,0
"s-6Wl5AmE-vtZca2zk2hxg",3.6195652173913,92,-1,1,1,0,1,1,0,0,0,0,0,0,0,1,0,0,0,1,0,0,0,0,0,0,0,0,0,0,0,0,0,0,0,0,0,0,0,1,0,1,0,0,1,0,0,0,0,0
"apMG3W6-qpHIuo4ApZy3IA",4.08196721311475,305,0,-1,0,0,0,0,0,0,0,0,1,0,1,0,0,0,1,1,0,-1,0,0,0,-1,1,0,0,0,0,1,0,1,1,0,0,0,0,0,1,0,0,0,0,0,0,0,0,0
"tI_CdRQ-532FFZbqvuMH4w",3.18390804597701,87,0,0,0,-1,1,0,0,0,0,0,1,0,0,0,0,0,0,0,0,0,0,0,0,0,1,0,0,-1,0,0,0,0,0,0,0,0,0,0,0,1,0,0,0,0,0,0,0,0
"fzRxHv7XnnDqTmX25tVbJg",2.55485893416928,319,0,-1,1,1,0,0,0,-1,0,0,-1,0,0,-1,0,-1,1,1,0,0,0,0,0,1,1,0,0,-1,0,0,0,0,-1,0,0,0,0,0,0,0,0,-1,1,0,0,0,0,0
"RGK23CEkDfYHWtUbRhA-bQ",4.25,96,0,0,0,0,1,1,0,0,0,0,0,0,0,0,0,1,1,1,0,1,0,0,0,1,1,0,0,0,0,0,0,0,1,0,0,0,0,0,0,0,0,0,0,0,0,0,0,0
"XZ3mhYC1L-0wK8N725I3Ig",3.44444444444444,45,0,0,0,0,0,0,0,0,0,0,0,0,0,0,0,0,0,0,0,0,0,0,0,0,0,0,0,0,0,0,0,0,1,0,0,0,0,0,0,0,0,0,1,0,0,0,0,0
"d8lmIZIqmBC9oPM8y1dc7Q",4.10843373493976,581,0,0,0,0,0,0,0,-1,0,0,0,0,0,0,0,0,0,0,1,0,0,0,0,0,0,0,0,0,0,0,1,0,0,0,0,0,0,1,1,0,0,0,1,0,0,0,0,0
"ZCsvwa_dsqNB8d8tYHPdjw",3.62857142857143,140,0,0,0,0,-1,1,0,0,0,0,0,1,0,0,0,1,0,0,0,0,0,0,0,0,0,0,0,0,0,0,0,0,0,0,0,0,0,-1,0,1,0,0,1,0,0,0,0,0
"2232XZ-3ub4S9cmrHJSDFg",4.28666666666667,150,0,0,0,0,0,0,0,0,0,0,0,0,0,0,0,-1,0,-1,0,0,1,0,1,0,0,0,0,1,0,0,0,0,-1,0,0,0,0,0,0,1,0,0,1,0,0,0,0,0
"cXHKyZfuaObtVi10hQqLcg",3.06944444444444,72,0,0,0,0,0,0,0,0,0,0,0,0,0,1,0,0,0,0,0,0,0,0,0,0,0,0,0,0,0,0,0,0,-1,0,0,0,0,0,0,0,0,0,0,0,0,0,0,0
"gGt00WW8sNY2Sop7jYa7Tw",4.04509283819629,377,0,0,0,0,0,0,0,0,0,0,1,0,0,0,0,-1,0,1,0,0,1,0,0,1,1,0,0,1,0,0,0,0,0,0,0,1,0,1,0,0,0,0,0,0,0,0,0,0
"YAJzBGvqT3dT_qAg6u8E1A",4.28405797101449,345,1,0,0,0,1,0,0,0,0,0,0,0,0,0,0,1,1,1,1,0,1,0,0,1,0,0,1,0,0,0,0,0,0,0,0,0,0,1,0,0,0,0,1,0,0,0,0,0
"6hZgMg9rnDCC0RBVRlkZwQ",4.21369863013699,365,1,0,0,0,0,0,0,0,-1,0,-1,0,0,0,0,1,1,1,1,0,1,0,1,-1,0,0,1,0,0,0,0,0,0,0,0,0,0,1,0,0,0,0,1,0,0,0,0,0
"iJpTpE9A8WDWvUlvUcFZuA",3.73873873873874,222,1,0,0,0,0,0,0,0,0,0,0,0,0,0,0,0,0,1,-1,0,1,0,0,0,0,1,0,1,0,-1,1,0,0,0,-1,1,0,1,1,1,0,0,1,0,0,0,0,0
"l3jXlEDlVfKj_ECpU7tobA",3.3034188034188,234,0,0,0,0,0,0,0,0,0,0,1,0,0,-1,-1,0,0,0,0,0,0,0,0,0,0,0,0,1,0,0,0,0,0,0,0,0,0,1,0,1,0,0,1,0,0,0,0,0
"ie8F4cL15JQi8cZVY78xRA",3.0703125,128,0,0,0,0,0,0,0,0,-1,0,0,0,0,0,0,0,0,0,0,0,0,0,0,0,1,0,0,0,0,0,0,0,0,0,0,0,0,0,0,1,0,1,0,0,0,0,0,0
"ne7lSA6lAOMYYs43kNTtPQ",3.0153452685422,391,-1,0,0,0,0,0,0,0,0,0,0,0,0,-1,0,0,1,0,0,0,0,0,0,1,0,0,-1,0,0,1,0,0,0,0,1,0,0,0,1,0,0,0,1,0,0,0,0,0
"J3_FTjy9LAtTtoW_cLwPxg",3.8625,320,0,0,0,0,1,0,0,0,0,0,0,1,0,0,1,1,0,1,1,0,1,0,0,0,1,0,0,-1,0,0,0,0,-1,0,0,-1,0,1,1,1,0,0,1,0,0,0,0,0
"8nmjvYX4N67cxOsGfbEgjg",2.30963302752294,436,0,-1,0,-1,-1,0,0,0,-1,0,0,0,0,0,-1,0,0,0,0,0,-1,0,0,1,0,0,0,-1,0,0,0,0,0,0,0,0,0,0,-1,0,0,-1,0,0,0,0,0,0
"e9sB72njxz87r5TL6kG-Fw",3.86111111111111,504,0,0,1,0,0,0,0,0,0,0,-1,1,0,0,0,0,0,1,0,0,0,0,0,1,0,0,0,-1,0,0,0,0,0,0,0,0,0,0,0,-1,0,0,1,0,0,0,0,0
"Ac52FTELfKifOWT4WOafpQ",3.58048780487805,205,0,1,0,0,0,0,0,0,1,0,0,0,0,1,0,1,0,0,0,0,1,-1,1,1,1,0,0,0,0,0,0,0,0,0,0,0,0,0,1,0,0,0,0,0,0,0,0,0
"1czIVv2iyOHc3WMgtUWXCQ",4.03296703296703,91,0,0,0,0,0,0,0,0,0,0,-1,0,0,0,0,0,0,0,0,0,1,1,1,1,0,0,0,0,0,0,0,0,1,0,0,0,0,1,0,0,0,0,0,0,0,0,0,0
"GphWJgfK5nrLuBdOljrqKw",3.49230769230769,130,0,0,0,0,0,0,0,0,-1,0,0,0,0,0,0,0,-1,0,0,0,0,0,0,1,0,0,0,0,0,0,0,0,-1,0,0,0,1,-1,1,0,0,0,0,0,0,0,0,0
"LpxBWoPK3aP3Sjhbm7-lhw",3.19444444444444,36,0,0,0,0,0,0,0,0,1,0,0,0,0,0,0,0,0,1,0,0,1,0,0,0,0,0,0,0,0,0,0,0,1,0,0,0,0,0,0,0,0,0,0,0,0,0,0,0
"kSIvxL9F9zggPIqPGU-WEA",3.76315789473684,114,0,0,0,0,0,1,0,0,0,0,0,0,0,0,0,0,0,0,0,0,1,0,1,0,0,0,0,1,0,0,0,0,0,0,0,0,0,0,1,0,0,0,1,0,0,0,0,0
"xJAXkMIgnWNpqyGCosmp2Q",4.48372093023256,215,0,0,0,0,0,0,0,0,0,0,0,0,0,0,0,0,0,0,0,0,0,1,0,0,0,-1,0,0,0,0,0,0,0,0,0,0,0,0,0,0,0,0,0,0,0,0,0,0
"rb4d1_OtpVD91J5NDp4Y3w",4.04583333333333,240,0,0,0,0,0,0,0,0,0,0,0,-1,0,-1,0,1,1,0,1,1,1,-1,0,1,1,0,0,0,0,0,0,0,1,0,0,0,1,1,1,0,0,0,0,0,0,0,0,0
"fqMAnoS2sTokz6lqBSmoCw",3.24620060790274,329,0,0,0,0,0,0,0,0,-1,0,0,0,0,0,0,0,0,0,1,0,0,0,0,0,0,1,-1,-1,0,0,0,0,0,0,1,0,0,1,0,0,0,0,0,0,0,0,0,0
"cFnumFhvgt_48p9v_EGl7g",4.40983606557377,61,0,0,0,0,0,0,0,0,0,0,0,0,0,0,0,0,0,0,0,0,0,0,0,0,0,0,0,1,0,0,0,0,-1,0,0,0,0,0,0,0,1,0,1,0,0,0,0,0
"zHrvBbRMSV9SFqZC6qa20Q",3.2,105,0,0,0,0,0,0,0,0,0,0,0,0,0,0,0,1,0,0,-1,0,-1,0,0,0,0,0,0,0,0,0,0,0,0,0,0,0,0,0,0,0,0,0,0,0,0,0,0,0
"QjL_QaEJGRfyBS2-wuowGA",4.00847457627119,118,0,0,0,0,0,0,0,0,0,0,0,0,0,0,0,0,-1,0,0,0,0,0,0,0,0,0,0,0,0,0,0,0,-1,0,0,0,0,0,0,0,0,0,1,0,0,0,0,0
"buacGSEw8yLGJo8g-i02wg",3.885,400,0,1,0,0,0,0,0,0,0,0,0,0,0,0,0,0,1,0,1,0,0,0,1,1,1,1,0,-1,1,0,0,0,0,0,0,0,0,0,0,0,0,0,1,0,0,0,0,0
"Ku_qQVoMA02kFZiu55_UwA",3.07692307692308,117,-1,0,0,1,0,1,0,0,1,0,1,1,0,0,1,0,1,-1,-1,0,1,0,0,1,0,0,0,0,0,0,0,0,1,0,0,1,0,0,-1,1,0,-1,1,0,0,0,0,0
"TBBeSHTGuaK9Jv09j3iDuA",4.82352941176471,85,0,0,0,0,0,0,0,0,0,0,0,0,0,0,0,0,0,0,0,0,0,0,0,0,-1,0,0,0,0,0,0,0,1,0,0,0,0,0,0,0,0,1,1,0,0,0,0,0
"D2ojX9bvE0_-aIj9BhdZZA",4.13452188006483,617,0,0,0,0,0,1,0,0,1,0,1,0,0,0,0,1,0,1,0,0,1,0,0,0,1,0,0,1,0,-1,0,0,1,0,0,0,0,0,0,0,0,-1,1,0,0,0,0,0
"RbMo9QIPDWP7nAAolS7IFA",3.1980198019802,101,0,1,0,0,0,0,0,0,1,0,0,1,0,0,0,1,0,1,0,0,0,0,0,0,-1,0,0,0,1,0,0,0,0,0,0,0,0,0,1,-1,0,0,0,0,0,0,0,0
"F3-3hzo-ScZlOO4MdhQyUg",3.6,40,0,0,0,0,1,0,0,0,0,0,0,0,0,0,0,0,0,0,0,0,0,0,0,0,0,0,0,0,0,0,0,0,0,0,0,0,0,0,0,0,0,0,1,0,0,0,0,0
"yMopev-RPxfEXgqkJOvCGA",4.0796586059744,703,0,0,0,0,0,0,0,0,1,0,0,0,1,0,0,1,1,0,1,0,1,0,0,1,1,0,0,1,0,0,0,0,0,0,0,0,0,0,0,0,0,-1,1,0,0,0,0,0
"x6n14NifL1K1-kimB83GVA",4.38064516129032,155,0,1,0,0,0,0,0,0,0,0,0,1,0,0,0,1,0,0,1,0,0,0,1,0,0,0,0,0,0,0,0,0,-1,0,0,0,0,0,0,-1,0,0,0,0,0,0,0,0
"UzsXZoePcmt6RWo00qNNAw",2.89884393063584,346,0,0,0,0,0,1,0,-1,0,0,0,0,0,1,-1,0,-1,0,1,0,0,0,0,0,1,0,0,0,0,-1,0,0,-1,0,0,0,0,0,0,0,0,0,1,0,0,0,0,0
"oyjkEn5fAqcGNsBbqc8LTw",2.2183908045977,87,0,0,0,0,0,0,0,0,0,0,0,0,0,0,0,1,0,-1,0,0,0,0,-1,1,0,0,0,0,0,0,0,0,-1,0,0,0,0,0,0,0,0,0,0,0,0,0,0,0
"rqjhez-ulSyMkr7lMGJwFA",3.1866028708134,209,1,0,0,0,0,0,0,0,1,0,0,0,0,0,0,0,0,0,1,0,0,0,1,0,0,0,0,0,0,0,0,0,0,0,0,0,1,0,0,0,0,0,1,0,0,0,0,0
"ZdqiRrUik1GWAcMWb2iBdw",4.12844036697248,109,0,0,0,0,0,0,0,0,-1,0,0,0,0,1,0,0,0,0,0,0,0,0,1,0,0,-1,0,0,0,0,0,0,1,0,0,0,0,0,0,0,1,0,1,0,0,0,0,0
"Axf_3mlM19ox-VjmN3KZYw",4.04761904761905,42,0,0,0,0,0,0,0,0,0,0,0,0,0,0,0,0,0,0,0,0,0,0,0,0,1,-1,0,0,1,0,0,0,0,0,0,0,0,0,1,-1,0,0,0,0,0,0,0,0
"TxQBdyDktZSk1KVTWh71dw",3.8046357615894,302,0,0,0,0,0,0,0,-1,0,0,1,0,0,1,0,0,0,0,1,-1,0,-1,0,0,0,0,0,0,0,0,1,0,0,0,1,1,0,0,0,0,0,1,0,0,0,0,0,0
"csf6o4VOiXk0oZaoyMiCww",4.32407407407407,108,0,0,0,0,0,0,0,0,0,0,0,0,0,0,0,0,0,0,0,0,0,0,0,0,0,0,0,0,0,0,0,0,0,0,0,0,0,0,0,1,0,0,1,0,0,0,0,0
"pLPV7vybH3FMnT-Um7IQhQ",3.5,66,1,0,0,0,0,-1,0,0,0,0,0,-1,0,0,0,0,0,0,1,0,0,0,-1,1,0,0,0,-1,0,-1,0,0,0,0,0,0,0,0,1,-1,0,0,1,0,0,0,0,0
"UT22ExffDZjB1tzBDwSWfA",3.74038461538462,104,0,0,0,0,0,0,0,0,0,0,1,-1,0,0,0,0,0,1,0,0,1,0,0,0,1,0,0,1,0,0,0,0,1,0,0,0,1,0,1,1,0,0,1,0,0,0,0,0
"YzMUZjUMcgI-NSGu48-nIQ",3.52229299363057,157,0,0,0,0,0,0,0,0,0,0,0,0,0,0,0,0,1,1,-1,0,1,0,0,0,0,0,0,0,0,1,0,0,0,0,0,0,0,0,1,-1,0,0,0,0,0,0,0,0
"yIxP32hWfZm5gyYUUh2WBA",3.38461538461538,130,1,0,0,0,0,0,0,0,0,0,0,0,0,0,0,0,1,0,1,0,1,1,0,0,0,0,0,0,0,0,0,0,0,0,0,0,-1,0,0,-1,0,0,0,0,0,0,0,0
"2S6p5ICNswz_EdgcZk76qQ",3.97583081570997,331,0,0,0,1,0,0,0,0,0,0,0,1,0,0,0,0,1,0,0,0,0,0,0,1,0,0,0,1,0,0,0,0,0,0,0,0,1,0,1,0,0,0,0,0,0,0,0,0
"Hvef33jY8uu6YB5Mvi5BgQ",4.53125,32,0,0,0,0,0,0,0,0,0,0,0,0,0,0,0,0,0,0,0,0,0,0,0,0,0,0,0,0,0,0,0,0,0,0,0,0,0,0,0,0,0,0,0,0,0,0,0,0
"Zsz_dLOEwihJHvMTK9a8Vg",4.26923076923077,78,0,0,0,0,0,0,0,0,0,0,0,0,0,0,0,-1,0,0,0,0,1,0,1,0,0,0,0,0,0,0,0,0,0,0,0,0,0,0,-1,-1,0,0,1,0,0,0,0,0
"5CtxJzh1dVC6AkWPzGvW2g",3.7175572519084,131,0,1,0,1,0,0,0,0,0,0,1,1,0,0,1,0,0,0,0,0,1,0,0,0,-1,0,0,0,0,0,0,0,0,0,0,0,0,0,-1,1,0,0,0,0,0,0,0,0
"OYSUIysIehpViTOMz-e38Q",3.24489795918367,49,0,0,0,0,0,0,0,0,-1,0,0,0,0,0,0,-1,-1,0,0,0,0,0,0,0,0,0,0,0,0,0,0,0,-1,0,0,0,0,0,1,-1,0,0,0,0,0,0,0,0
"Ava9H-t4scVmP7u_onh7pg",4.00462962962963,216,0,-1,0,0,0,0,0,0,1,0,1,0,0,-1,0,0,1,0,1,0,1,0,0,0,1,-1,1,1,0,1,1,0,1,0,1,0,0,0,0,0,0,-1,1,0,0,0,0,0
"0D6NKcLzVfQ3RcEPySmzDw",3.728,125,0,0,0,0,0,0,0,0,0,0,0,0,0,0,0,1,1,1,0,0,0,0,-1,-1,0,0,0,0,0,0,0,0,-1,0,0,0,0,0,-1,0,0,0,1,0,0,0,0,0
"XPma1KatL8CYQ-Ym4TWvsg",2.31168831168831,77,-1,0,0,0,1,0,0,0,-1,0,0,0,0,-1,0,0,0,0,0,0,1,0,0,0,0,0,0,-1,0,0,0,0,0,0,0,0,-1,0,0,0,0,0,-1,0,0,0,0,0
"25YVFgR2pkt3u1f2fDBfnw",3.29787234042553,141,0,1,1,0,1,0,0,0,0,0,0,0,0,1,0,-1,0,1,0,0,0,0,0,0,0,0,0,1,0,0,0,0,-1,0,0,0,0,1,0,0,0,0,1,0,0,0,0,0
"krlBwPboTImWFS1xwPr70Q",3.06329113924051,79,0,0,0,0,0,0,0,0,0,0,0,0,0,0,0,0,0,0,0,0,-1,0,0,-1,0,0,0,0,0,0,0,0,1,0,0,0,0,0,0,1,0,1,0,0,0,0,0,0
"_2trMwFsh5-IqqEcQ-OLVA",3.74349442379182,269,1,0,0,1,1,0,0,-1,1,0,0,-1,0,0,0,0,-1,0,-1,0,1,0,1,1,1,0,0,0,0,0,0,0,0,0,0,0,0,0,1,0,0,0,1,0,0,0,0,0
"b0n2D_Ry2WPo7XAV1Y1U0Q",3.4,75,0,0,0,0,0,0,0,0,0,0,0,0,0,0,0,0,1,1,0,1,1,1,1,0,0,0,0,0,0,0,0,0,-1,0,0,-1,0,1,1,1,0,0,0,0,0,0,0,0
"1WtUgLhdBdQ39aBvEUbsnw",3.22916666666667,240,0,0,0,0,0,0,0,0,0,0,0,0,0,0,0,0,0,1,0,0,0,-1,0,1,0,0,0,0,0,1,0,0,0,0,0,1,-1,0,0,1,0,0,0,0,0,0,0,0
"v0ubf7h2E0OfwGGfkI1S4w",4.1566265060241,83,0,1,0,-1,0,-1,0,-1,-1,0,0,0,0,0,0,0,1,-1,1,0,-1,0,0,0,0,0,0,0,0,0,0,0,0,0,0,0,0,0,0,0,0,0,1,0,0,0,0,0
"T6r1CjkbVHMsGpR2dlyXuQ",3.98958333333333,96,0,0,0,0,0,0,0,0,0,0,-1,0,0,0,0,1,0,1,0,0,1,0,-1,0,0,0,0,0,0,0,0,0,0,0,0,0,0,1,0,-1,0,0,1,0,0,0,0,0
"RAh9WCQAuocM7hYM5_6tnw",4.22057877813505,1555,1,0,1,1,0,1,0,0,0,0,0,0,0,1,1,0,0,0,1,0,1,1,0,1,1,0,1,0,0,0,0,0,0,0,0,0,1,1,1,0,0,1,1,0,0,0,0,0
"gwd1W_0Mgzqo3QxgXrt16Q",3.39032258064516,310,0,0,0,0,1,0,0,0,0,0,0,0,0,0,0,0,0,0,0,-1,1,0,0,0,0,0,1,0,0,0,1,0,0,0,0,1,-1,0,0,0,0,1,0,0,0,0,0,0
"Otu3vddHz3Lzw8dpwZ_p8g",2.41666666666667,36,0,0,0,0,0,0,0,0,0,0,0,0,0,0,0,0,1,0,-1,0,0,0,-1,0,0,0,0,0,0,0,0,0,0,0,0,0,0,-1,1,1,0,0,0,0,0,0,0,0
"vsGoYMRvBYss3x9fn-jDzQ",3.22826086956522,92,1,0,0,1,1,0,0,0,1,0,0,0,0,0,0,1,0,0,1,1,-1,0,0,0,0,0,0,1,0,0,0,0,0,0,0,0,0,0,0,0,0,0,0,0,0,0,0,0
"qVVjbYR0LIfJuIIzgPMTuw",3.84924623115578,199,0,-1,-1,0,0,0,0,0,0,0,0,0,0,1,0,-1,1,0,0,0,0,0,0,1,1,0,0,0,0,0,0,0,0,0,0,0,0,0,1,0,0,0,1,0,0,0,0,0
"yt0PCCJN9hUsZhB210rsOg",4.45454545454545,55,0,0,0,0,0,0,0,0,0,0,0,0,0,0,0,0,0,1,0,0,0,0,1,1,0,0,0,0,0,0,0,0,1,0,0,0,0,0,0,-1,0,0,0,0,0,0,0,0
"9S7RUjzkdpU4MDxUxkvLvg",1.89655172413793,116,0,1,0,0,-1,0,0,0,-1,0,0,0,0,0,0,0,0,0,0,0,0,0,-1,0,-1,0,0,0,0,0,0,0,0,0,0,0,0,-1,0,0,0,0,0,0,0,0,0,0
"PTY4VZixWNcszvKlMVw9YQ",2.19298245614035,57,0,-1,0,0,1,-1,0,-1,1,0,0,0,0,0,0,0,1,0,1,0,1,0,-1,0,0,0,0,0,0,0,0,0,0,0,0,-1,0,0,0,0,0,1,0,0,0,0,0,0
"7b634KHxYwZ3nuMrf1Sasg",3.6734693877551,49,0,0,0,0,0,0,0,0,0,0,0,1,0,1,0,0,0,0,0,0,0,0,1,0,0,0,0,0,0,0,0,0,1,0,0,0,0,0,0,-1,0,0,1,0,0,0,0,0
"J4WxIqKaKSGNjtxTBPhLBQ",3.55555555555556,117,1,1,0,0,0,-1,0,0,0,0,0,0,0,0,0,0,0,0,0,0,0,0,1,0,0,0,0,-1,0,0,0,0,0,0,0,0,0,0,0,0,0,-1,1,0,0,0,0,0
"VwvIq1dyWje3j1i7lp-8sA",3.76073619631902,163,1,0,1,0,0,0,0,-1,0,0,0,0,0,0,0,0,0,0,1,0,1,0,0,1,0,0,0,-1,0,0,0,0,0,0,1,0,0,0,1,1,0,0,0,0,0,0,0,0
"e79I3sSDUCrsfpKPvwnAsg",2.88235294117647,34,1,0,1,0,1,0,0,0,0,0,1,-1,0,0,0,0,0,-1,0,0,0,0,0,1,0,0,0,0,0,0,0,0,0,0,0,0,0,0,0,0,0,0,-1,0,0,0,0,0
"ireHTdAh1d4lmGiieMfV_A",2.75,76,-1,1,0,0,0,0,0,0,0,0,0,0,0,0,0,1,0,0,1,0,0,0,1,0,1,0,0,1,0,0,0,0,1,0,0,0,0,0,0,0,0,0,0,0,0,0,0,0
"eZDXz_RylvdD0tHEA8I0NA",4.12276785714286,448,1,0,0,0,0,0,0,0,0,0,0,0,0,0,0,0,0,0,1,0,1,0,0,0,0,0,0,0,0,0,0,0,0,0,0,0,1,1,0,0,0,0,1,0,0,0,0,0
"gfhWUixZ4MmEAC1DtTsodA",3.73529411764706,68,-1,0,0,0,0,0,0,0,0,0,0,-1,0,0,0,0,0,0,0,0,0,0,0,0,0,0,0,0,0,0,0,0,0,0,0,0,0,0,0,0,0,1,1,0,0,0,0,0
"ZCXjNG1EBFiKKMtR9DOTGg",3.86689419795222,293,0,0,0,0,0,0,0,0,1,0,0,0,0,0,0,0,1,0,0,0,0,0,1,-1,0,0,0,-1,0,0,0,0,0,0,0,0,0,0,1,-1,0,0,0,0,0,0,0,0
"D-RQsQjEVI_w-KC7iDJd5Q",3.8041958041958,143,0,0,0,0,0,0,0,0,0,0,0,0,0,0,0,1,1,0,0,0,1,1,0,1,0,-1,0,0,0,0,0,0,1,0,0,0,0,0,1,0,0,0,1,0,0,0,0,0
"osSwv6CJy5hDKQdOKeyTow",3.77456647398844,519,0,0,0,0,0,0,0,0,-1,0,0,0,0,0,0,0,0,1,0,1,0,-1,0,0,1,0,0,1,0,0,0,0,1,0,0,0,0,0,0,0,0,0,1,0,0,0,0,0
"XMrLwzmEAsfNpbKRC7vUzQ",2.93236714975845,207,0,0,1,0,0,1,0,0,0,0,0,0,0,1,0,0,0,1,-1,0,0,0,0,0,0,0,0,0,0,0,0,0,-1,0,0,-1,0,0,0,0,0,1,0,0,0,0,0,0
"5Day_lf10DyvKk9tmKqjRA",4.86585365853659,82,0,0,0,0,0,0,0,0,0,0,0,0,0,0,0,0,0,0,0,0,0,0,0,1,0,0,0,0,0,0,0,0,-1,0,0,0,0,0,0,-1,0,0,1,0,0,0,0,0
"pDwKOuqjQ4gtoX-aaQPJ_g",3.1566265060241,83,0,0,0,0,0,0,0,0,-1,0,0,0,0,0,0,-1,0,0,1,0,0,0,1,0,0,0,0,0,0,0,0,0,0,0,0,0,0,0,0,0,0,0,1,0,0,0,0,0
"GSplpfgI99c28ERoNDA4vA",4.20588235294118,34,0,0,0,0,0,0,0,0,0,0,1,0,0,0,0,0,0,0,0,0,0,0,0,-1,0,0,0,0,0,0,0,0,0,0,0,0,0,0,0,0,0,0,0,0,0,0,0,0
"1_jvFRQjcRVfd9LdOLvI8A",3.42560553633218,289,0,1,1,0,1,0,0,0,0,0,0,1,0,0,1,1,0,0,0,0,0,0,0,1,0,0,0,0,1,0,0,0,0,0,1,0,0,1,0,0,0,0,0,0,0,0,0,0
"RNO7SRmfVi0CyXjtPhXELg",3.66666666666667,162,0,0,0,0,0,0,0,0,0,0,0,0,0,0,0,0,1,1,0,0,1,0,1,0,0,0,0,1,0,0,0,0,0,0,0,0,0,0,-1,1,0,0,1,0,0,0,0,0
"wArcCMVnrl_tc9MULW-0CQ",3.58738738738739,555,1,0,0,0,0,1,0,-1,0,0,0,1,0,0,0,0,0,-1,0,-1,0,0,0,0,1,0,1,0,1,1,1,0,0,0,0,1,1,0,0,0,0,0,0,0,0,0,0,0
"niacDKknyO9ZSfRQDHX6ZA",3.09677419354839,31,0,0,0,-1,0,1,0,0,0,0,0,0,0,0,0,0,0,1,0,0,0,0,0,0,0,0,0,0,0,0,0,0,0,0,0,0,0,-1,0,-1,0,0,1,0,0,0,0,0
"NRcFHW2P1o9lVQ53Q682rg",4.06779661016949,59,0,0,0,0,0,0,0,0,0,0,0,0,0,0,0,0,0,0,0,0,0,0,0,1,0,0,0,0,0,0,0,0,1,0,0,0,0,0,0,0,0,0,0,0,0,0,0,0
"lB_PJ7DqcAA4Ku4EZdYg6g",3.725,40,0,0,0,0,1,0,0,0,0,0,0,0,0,1,0,0,0,0,0,1,0,0,0,0,0,0,0,0,0,0,-1,0,1,0,0,0,1,0,1,0,0,0,0,0,0,0,0,0
"gOOdzjVxP7Z7bGjsstRjcw",3.88617886178862,246,0,0,0,0,0,1,0,0,0,0,0,0,0,1,0,0,0,0,0,0,1,0,-1,1,0,0,0,0,0,0,0,0,1,0,0,0,0,0,0,1,0,0,1,0,0,0,0,0
"XlOtdDY_7VNieWYyMyic7Q",3.23913043478261,46,0,-1,0,0,0,0,0,0,0,0,0,0,0,0,0,0,0,0,0,0,0,0,0,0,0,0,0,0,0,0,0,0,1,0,0,0,0,0,0,0,0,0,1,0,0,0,0,0
"QCUjHPu7OF_bqfjnehlQaQ",3.39240506329114,158,1,1,0,0,0,-1,0,0,0,0,0,0,0,0,0,0,0,1,1,0,0,0,0,1,1,0,0,0,0,0,0,0,0,0,0,0,1,0,0,0,0,1,0,0,0,0,0,0
"CrPm7Rby304RmpFgmIBdUQ",3.97183098591549,142,1,0,0,0,0,0,0,-1,0,0,1,1,0,0,0,0,1,1,1,0,1,0,0,0,1,0,0,0,0,0,0,0,0,0,0,0,0,-1,0,-1,0,0,1,0,0,0,0,0
"OMEbwr0Aybw_wnqvno-6zQ",3.04054054054054,148,0,0,0,0,0,0,0,0,0,0,0,0,0,0,0,0,0,1,0,0,0,0,0,0,0,0,0,0,0,0,0,0,-1,0,0,0,0,0,0,-1,0,0,1,0,0,0,0,0
"L8qXp6Wh5zZt4BzllZPGNQ",4.06611570247934,121,0,0,0,0,0,0,0,0,0,0,1,0,0,0,0,0,0,0,0,0,0,0,-1,1,0,-1,0,0,0,0,0,0,1,0,0,0,0,0,0,0,0,0,-1,0,0,0,0,0
"wkZ6P5fDw0G_iFRU-hzBhQ",3.79545454545455,132,-1,0,0,0,0,0,0,0,0,0,1,0,0,0,0,0,-1,0,0,0,0,0,0,1,0,0,0,0,0,0,0,0,0,0,0,0,0,1,0,0,0,0,1,0,0,0,0,0
"10c6sIFdsH3g51VooGRwAA",3.13978494623656,93,1,1,0,0,0,0,0,0,0,0,0,0,0,0,0,1,1,0,1,0,1,0,1,1,1,0,0,0,0,0,0,0,-1,0,0,0,0,0,0,-1,0,0,1,0,0,0,0,0
"5HGQHjavoTgcKHFa-x7r8A",3.88669950738916,203,0,0,0,1,0,1,0,0,1,0,0,0,0,1,0,1,0,1,1,0,0,0,0,1,1,0,0,-1,0,0,0,0,0,0,0,1,0,0,0,0,0,0,1,0,0,0,0,0
"QWRiJfGyHnmJxPD_CfKetQ",3.70588235294118,51,0,0,0,-1,0,0,0,-1,0,0,0,0,0,0,0,1,0,0,0,0,0,0,-1,0,0,0,0,1,0,0,0,0,1,0,0,-1,0,0,0,1,0,0,0,0,0,0,0,0
"QvxBnMcBPP1z_NAIYCqqdA",4.29684908789386,603,0,0,0,0,0,0,0,0,1,0,0,0,0,1,0,1,1,0,0,0,1,1,1,1,1,0,0,1,0,0,0,0,0,0,0,0,0,1,0,0,0,0,1,0,0,0,0,0
"umYyXD1zcTbRHQW4etg0hA",3.88888888888889,117,0,0,0,0,0,1,0,0,0,0,1,1,0,1,0,-1,0,1,1,0,1,0,0,0,1,0,0,0,0,0,0,0,0,0,0,0,0,0,1,1,0,0,1,0,0,0,0,0
"zxsktAMsVBKj2PvvCV11UQ",3.60869565217391,92,1,0,0,0,-1,1,0,0,1,0,1,1,0,0,0,0,0,1,0,0,0,0,1,0,1,0,0,1,0,0,0,0,0,0,0,0,0,1,1,-1,0,0,0,0,0,0,0,0
"Ls-DK3JjBChL1gZEavL7oQ",4.4,80,1,1,0,1,1,1,0,0,1,0,0,0,0,1,0,0,0,1,0,0,1,0,1,0,1,0,0,0,0,0,0,0,0,0,0,-1,0,0,0,0,0,0,1,0,0,0,0,0
"hj_Cn3d8q_6nslXqs-5c2g",3.71698113207547,53,0,0,0,0,-1,0,0,0,0,0,1,0,0,0,0,-1,0,0,0,0,0,0,0,1,1,0,0,0,0,0,0,0,1,0,0,0,0,0,0,1,0,0,1,0,0,0,0,0
"iXH73faCXa6UdLAKMe-vGQ",2.58888888888889,90,-1,-1,0,0,0,0,0,-1,1,0,-1,-1,0,0,0,0,-1,0,1,1,0,0,0,0,0,0,0,0,0,0,0,0,0,0,0,0,0,0,1,0,0,0,0,0,0,0,0,0
"GqfGoFMC3cn_AZI7iUOWKg",2.80503144654088,159,0,-1,0,0,1,0,0,0,1,0,0,0,0,0,1,1,1,0,0,0,0,0,1,0,0,0,0,0,0,1,0,0,1,0,1,1,0,0,0,-1,0,0,0,0,0,0,0,0
"Azy2vmC47uHSkZE2fdvBjA",4.23008849557522,113,1,0,0,0,1,0,0,0,1,0,1,0,0,1,0,0,1,0,0,0,1,0,1,1,0,0,0,0,0,0,0,0,1,0,0,0,0,1,0,0,0,1,1,0,0,0,0,0
"8xTuXU5uZ85WF-ZGqDNv_w",3.91666666666667,168,1,0,0,1,0,1,0,0,1,0,0,0,0,0,0,1,1,1,1,0,0,0,0,1,1,0,0,0,0,0,0,0,0,0,1,0,0,0,0,-1,0,0,0,0,0,0,0,0
"2ILK7gA2Ccl_imtfWFNUIA",3.25806451612903,31,0,0,0,0,0,0,0,0,1,0,0,0,0,1,0,0,0,0,0,0,0,0,0,0,0,0,0,0,0,0,0,0,0,0,0,0,0,0,0,-1,0,0,1,0,0,0,0,0
"0PKz4McHMpClZKzqbna4fw",1.89333333333333,75,0,0,0,0,0,0,0,0,0,0,0,0,0,0,0,0,0,0,0,0,0,0,0,-1,0,0,0,0,0,0,0,0,-1,0,0,0,0,0,1,0,0,0,-1,0,0,0,0,0
"zaLFPpm-t89qSDOaFVgwDQ",3.03714285714286,350,0,1,0,0,0,0,0,0,0,0,0,0,0,0,1,0,0,1,0,0,0,1,-1,0,0,0,0,0,0,0,0,0,0,0,0,0,0,0,0,0,0,0,0,0,0,0,0,0
"PHhVmDYtI5Urtpd4hOKKiQ",3.81159420289855,69,-1,1,0,0,0,0,0,0,0,0,0,0,0,0,1,0,0,-1,0,-1,1,0,0,1,1,1,0,0,0,0,0,0,0,0,0,0,0,1,0,1,0,1,1,0,0,0,0,0
"GNIxpOWJcjx5pGN9IBgrYQ",3.01941747572816,103,0,-1,0,-1,0,1,0,-1,-1,0,0,1,0,0,0,0,0,0,0,0,0,0,0,0,0,0,0,-1,0,0,0,0,0,0,0,0,-1,0,0,0,0,0,1,0,0,0,0,0
"sPwh9yiJYeyAN4CBq_tUYg",3.49275362318841,138,0,0,0,-1,0,-1,0,0,0,0,0,0,0,0,-1,0,0,0,1,0,0,0,0,1,1,0,0,0,0,0,0,0,0,0,0,0,0,0,0,1,0,0,0,0,0,0,0,0
"BiVA5GKSTYQ5_SNIaYg6oA",2.55681818181818,88,-1,0,-1,0,0,0,0,0,-1,0,0,0,0,-1,0,0,0,0,-1,0,0,0,0,-1,0,0,0,0,0,0,0,0,0,0,0,0,0,1,0,0,0,0,1,0,0,0,0,0
"rS39YnrhoXmPqHLzCBjeqw",3.01714285714286,175,1,0,0,0,0,1,0,0,0,0,0,0,0,0,0,0,0,-1,0,0,1,0,1,0,1,0,0,1,0,0,0,0,0,0,0,0,0,0,0,1,0,0,0,0,0,0,0,0
"FA_D4vDxRyI-hC0SZJnjnA",3.51470588235294,136,1,0,0,1,1,1,0,-1,0,0,0,0,0,0,1,0,0,1,0,0,0,1,0,0,0,0,0,1,0,0,0,0,-1,0,0,0,0,1,0,0,0,0,0,0,0,0,0,0
"PL_dfp1B_ogDaBwW_9MJ2w",3.39344262295082,61,0,0,0,0,0,0,0,0,0,0,0,0,0,0,0,0,0,0,0,0,0,0,0,1,0,0,-1,-1,0,0,0,0,0,0,0,0,0,0,0,-1,0,0,0,0,0,0,0,0
"-5L8zOxibac-vBrsYtxXbQ",3.38392857142857,112,1,1,0,-1,0,0,0,0,0,0,0,0,0,0,0,1,0,0,1,0,1,0,0,0,-1,0,0,0,0,1,0,0,0,0,0,0,0,-1,0,0,0,-1,1,0,0,0,0,0
"FA-FJyVkMsgsLsoQWe4QFg",4.29508196721311,122,0,0,0,0,0,0,0,0,1,0,1,0,0,0,0,0,0,0,0,0,1,0,0,0,0,0,0,1,0,0,0,0,1,0,0,1,0,0,0,1,0,0,1,0,0,0,0,0
"wJnhUJCOYkncLPZAwaMffA",3.70517928286853,251,0,0,0,0,0,0,0,0,1,0,1,0,0,0,0,0,1,0,1,0,1,0,0,-1,1,0,0,0,0,0,0,0,0,0,0,0,-1,1,0,-1,0,0,1,0,0,0,0,0
"bcTwvbD5wfMSgSO-YczLYw",4.38947368421053,190,1,0,0,0,0,0,0,0,0,0,0,0,0,0,0,0,0,-1,0,1,0,0,0,1,1,0,0,0,0,0,1,0,0,0,0,0,0,0,1,0,0,0,0,0,0,0,0,0
"MrSHPvHVdE_VzVN7iRz45Q",3.34756097560976,328,0,0,0,0,0,0,0,0,1,0,0,0,0,0,0,0,1,0,0,0,1,1,0,-1,1,0,0,-1,1,-1,0,0,0,0,0,0,1,0,0,0,0,1,0,0,0,0,0,0
"uz8ISWdE0OSJBjArw4P4Og",3.10714285714286,196,0,0,0,0,0,0,0,0,0,0,0,0,0,0,0,0,0,1,1,0,0,0,0,1,0,0,0,-1,0,0,0,0,0,0,0,1,0,0,0,0,0,0,0,0,0,0,0,0
"Mbat8t9X0zPrpxd1mEGRcw",3.69736842105263,152,0,0,0,0,0,0,0,0,1,0,0,0,0,0,0,0,0,1,0,0,1,0,0,1,0,0,0,0,0,0,0,0,0,0,0,0,0,0,0,-1,0,0,1,0,0,0,0,0
"24UDZTAMDUaugpkchFk60w",2.70135746606335,221,0,0,0,1,0,1,0,-1,0,0,0,0,0,1,0,0,1,0,1,0,0,0,0,0,1,0,0,0,0,-1,0,0,0,0,0,0,-1,0,0,1,0,0,0,0,0,0,0,0
"6zi7dAlnk7vgvlGbUMoKkA",3.52631578947368,171,1,0,0,0,0,0,0,-1,0,0,1,0,0,0,0,0,1,0,0,0,0,0,0,0,0,0,0,-1,0,0,0,0,0,0,0,0,0,1,0,-1,0,0,1,0,0,0,0,0
"S5c9C4BxutxPwpwYm5Aexw",4.3960396039604,101,0,0,0,0,1,-1,0,0,0,0,0,0,0,0,0,0,0,0,0,0,0,0,0,1,0,1,0,0,0,0,0,0,0,0,0,0,0,0,0,0,0,0,1,0,0,0,0,0
"n-AQFKbW6MnpamdtA6ECpQ",2.66995073891626,203,-1,-1,0,1,0,0,0,0,-1,0,0,0,0,0,0,-1,0,0,0,0,-1,0,0,0,0,0,0,0,0,0,0,0,0,0,0,0,0,0,-1,0,0,0,0,0,0,0,0,0
"YXa0A7aXV9wWNR0qJVVSDg",4.18639053254438,338,0,1,1,1,0,0,0,0,0,0,0,0,0,0,1,0,0,1,0,0,0,1,0,1,1,0,0,1,0,0,0,0,0,0,0,1,0,1,0,0,0,1,0,0,0,0,0,0
"Ijf7nlXhLYEzH1yXdevorw",2.97560975609756,41,0,0,0,0,0,0,0,0,0,0,0,0,0,0,0,0,1,0,0,0,1,0,1,0,0,0,0,0,0,0,0,0,0,0,0,0,0,0,0,-1,0,0,1,0,0,0,0,0
"YpePlG2UW_mf-zhFaCgubA",4.30379746835443,79,0,0,0,0,0,0,0,0,1,0,0,0,0,0,0,-1,1,0,0,0,-1,0,0,0,1,0,0,0,0,0,0,0,1,0,0,1,0,1,0,0,0,0,1,0,0,0,0,0
"MGYVtKoCsLnuy6iyEuVBgQ",3.32558139534884,86,1,1,0,0,0,0,0,0,0,0,0,0,0,0,0,0,0,0,0,0,0,0,0,0,0,0,0,0,0,0,0,0,1,0,0,0,1,0,0,1,0,0,1,0,0,0,0,0
"WItlLMrwWUbZhi7aSAzs2Q",3.1528384279476,229,0,-1,0,1,1,0,0,0,1,0,1,0,0,0,0,0,-1,0,1,0,0,0,1,0,1,0,0,0,0,1,0,0,1,0,0,-1,0,0,0,0,0,-1,1,0,0,0,0,0
"DRJzfAuSzgoBJeSuwfdPow",2.83870967741935,93,0,-1,0,0,0,0,0,0,0,0,1,0,0,0,0,0,1,-1,0,0,0,0,-1,0,0,0,0,-1,0,0,0,0,0,0,0,-1,0,0,0,0,0,0,0,0,0,0,0,0
"emFbuv_F45pNkAkre2rMSA",3.67088607594937,79,0,0,0,0,1,0,0,0,1,0,0,0,0,0,0,0,0,0,-1,0,-1,0,0,1,1,0,0,0,0,0,0,0,0,0,0,1,0,-1,0,-1,0,0,1,0,0,0,0,0
"Q1L_Nb1QsD0S9pbng5-kMQ",3.17469879518072,166,0,0,0,0,0,0,0,0,0,0,0,0,0,0,0,0,1,1,0,0,0,0,0,0,0,0,0,-1,0,-1,0,0,0,0,0,0,0,1,0,-1,0,0,1,0,0,0,0,0
"3dK3PIfmu09FFGi21QYPaA",3.05454545454545,110,0,0,0,0,0,0,0,0,0,0,0,1,0,0,0,0,1,-1,1,0,0,0,0,0,0,0,0,0,0,0,0,0,0,0,0,0,1,1,0,0,0,0,1,0,0,0,0,0
"GHBLPfbssjupzlhBfCoF3A",3.84671532846715,137,1,0,0,0,0,0,0,0,0,0,0,0,0,-1,0,0,0,1,-1,0,0,0,0,0,1,0,0,0,0,0,1,0,1,0,0,1,0,0,0,0,0,0,0,0,0,0,0,0
"iyFS4twFjCKfaKl7kUl3sg",4.01498127340824,267,1,0,0,0,1,0,0,0,0,0,0,0,0,0,0,0,1,0,1,0,1,0,0,1,1,0,0,0,0,0,0,0,1,0,0,0,0,0,0,1,0,0,0,0,0,0,0,0
"QAHqplESgDUGgih45W9J-g",4.26959247648903,319,0,1,0,0,0,0,0,0,1,0,0,0,0,1,0,1,0,1,1,1,0,1,0,1,0,1,1,-1,-1,0,0,0,0,0,0,0,1,1,0,0,0,0,0,0,0,0,0,0
"FSB3Jb4t11KkMyEi_7-s6Q",3.9625,240,0,0,0,0,0,1,0,-1,1,0,0,0,0,0,0,1,0,1,1,0,1,0,0,1,0,0,0,0,0,0,0,0,1,0,0,0,0,0,0,0,0,0,1,0,0,0,0,0
"ap58HeA23IDv9KYk8evFXA",2.6271186440678,59,-1,-1,0,0,1,-1,0,0,0,0,0,1,0,0,0,-1,0,0,0,0,0,0,-1,0,0,0,0,0,0,0,0,0,-1,0,0,0,0,-1,0,-1,0,1,0,0,0,0,0,0
"0JVTJjcnk-hExVNwMqL8tQ",3.11111111111111,36,0,0,0,0,0,0,0,0,1,0,0,0,0,0,0,0,0,0,0,0,0,0,0,0,0,0,0,0,0,0,0,0,-1,0,0,0,1,0,0,0,0,0,1,0,0,0,0,0
"yvNYymtQ_IOUowEb63c5hw",3.01,200,0,0,0,0,0,0,0,-1,-1,0,0,1,0,-1,0,-1,0,0,0,0,1,0,0,0,0,0,0,0,0,1,0,0,0,0,0,0,-1,1,0,0,0,0,0,0,0,0,0,0
"h5VZ0MqRt4vEUUG8oH6eEA",3.5703125,128,-1,0,0,1,0,-1,0,0,0,0,0,0,0,0,0,0,-1,1,0,0,1,0,0,1,1,0,0,0,0,1,0,0,1,0,0,0,1,1,1,0,0,0,1,0,0,0,0,0
"ApAzthiFRKuL-yJo1HMFvQ",3.45505617977528,178,0,1,0,1,0,0,0,0,0,0,0,0,0,0,0,1,0,0,0,0,0,0,0,1,1,0,0,0,0,0,0,0,1,0,0,1,1,-1,0,0,0,0,1,0,0,0,0,0
"VsPoQeCRYYHQrj9jbiLmtA",2.48837209302326,43,1,0,0,1,-1,1,0,-1,0,0,0,0,0,-1,0,0,0,0,0,0,1,0,0,0,0,0,0,0,0,0,0,0,0,0,0,0,0,0,-1,0,0,0,-1,0,0,0,0,0
"tatwhc-IkwxJlGwKPvVENA",2.6078431372549,51,-1,0,0,0,0,0,0,0,0,0,0,0,0,0,0,0,1,0,0,0,0,0,0,-1,0,0,0,0,0,0,0,0,0,0,0,0,0,0,0,0,0,0,-1,0,0,0,0,0
"4I_e_jA1C2b9D98zc98zOA",2.04761904761905,42,0,0,0,0,0,1,0,0,0,0,0,0,0,0,0,0,0,0,-1,0,0,0,0,0,0,0,0,0,0,0,0,0,-1,0,0,0,0,0,-1,0,0,0,0,0,0,0,0,0
"HtObLsspK0xIXfNPb7eUmA",3.02857142857143,140,0,0,0,0,0,0,0,0,0,0,0,0,0,0,0,0,0,0,0,0,0,0,0,0,1,0,0,0,0,0,0,0,1,0,0,0,1,-1,0,0,0,0,0,0,0,0,0,0
"wUHPgIh-rJThxPvxHPlsjQ",3.02564102564103,78,0,0,0,-1,0,1,0,0,-1,0,0,-1,0,0,0,0,-1,0,0,0,0,0,-1,-1,0,0,0,0,0,0,0,0,0,0,0,0,0,1,0,-1,0,0,1,0,0,0,0,0
"ewaHMKX-W0zatENPv2oQRg",2.6,55,-1,-1,0,0,0,-1,0,-1,0,0,0,0,0,0,0,0,-1,0,-1,0,-1,0,-1,0,0,0,0,0,0,0,0,0,1,0,0,0,0,0,0,0,0,0,-1,0,0,0,0,0
"viuM2vdATRCxI-wqlBHytA",3.30314960629921,254,0,0,0,0,0,0,0,-1,-1,0,-1,1,0,1,1,0,0,0,1,0,0,0,-1,0,0,1,0,0,0,0,0,0,0,0,0,0,0,0,0,0,0,0,0,0,0,0,0,0
"wiEQrYSNofc10q7Pm26b0w",4.27218934911243,169,0,1,0,0,0,0,0,0,0,0,0,0,0,0,0,0,0,1,0,0,1,0,1,1,0,0,0,-1,0,0,0,0,0,0,0,0,0,0,0,1,1,0,1,0,0,0,0,0
"rZOzhSA5HP6IdpxuN4v66w",3.30864197530864,162,0,0,0,0,0,-1,0,0,0,0,0,0,0,0,0,1,1,0,1,0,1,0,-1,0,0,0,0,0,0,0,0,0,0,0,0,0,0,1,-1,0,0,0,0,0,0,0,0,0
"SHFlELFcEcAOJv_fTAKChQ",4.05612244897959,588,0,1,0,0,0,0,0,0,0,0,0,-1,0,1,0,1,1,0,0,0,1,1,0,1,1,0,0,1,0,0,0,0,0,0,0,0,0,1,1,1,0,0,1,0,0,0,0,0
"hMR0tRJAlprbJL9iwRcO8w",3.75,72,0,1,0,0,0,0,0,0,0,0,0,0,0,0,0,0,0,0,1,0,1,0,0,0,0,0,0,0,1,0,0,1,0,0,0,0,0,1,0,-1,0,0,0,0,0,0,0,0
"1H-iDMc4d3IeYvOflXTOXw",3.44186046511628,43,0,0,0,0,0,0,0,0,0,0,0,0,0,0,0,0,0,0,1,0,1,0,0,0,0,0,0,0,0,0,0,0,-1,0,0,0,0,0,-1,0,0,0,1,0,0,0,0,0
"SHn1WhdJJxxPWe4WOO04uw",3.34146341463415,41,0,0,0,0,0,0,0,0,0,0,0,0,0,0,0,0,0,0,1,0,1,0,-1,1,0,0,0,0,0,0,0,0,0,0,0,0,0,0,1,1,0,0,0,0,0,0,0,0
"hOSBQa3OvrwqZXVDJMqAag",3.6,30,0,0,0,0,0,-1,0,0,1,0,0,0,0,0,0,0,0,0,0,0,-1,0,0,0,0,0,0,0,0,0,0,0,0,0,0,0,0,0,0,0,0,0,0,0,0,0,0,0
"G_LtZnL66Iwama_7_FCLUQ",3.78275862068966,290,0,0,0,0,0,0,0,0,0,0,1,0,0,0,0,0,0,0,1,0,0,0,0,1,1,0,0,0,0,-1,0,0,0,0,0,0,0,0,0,0,0,1,0,0,0,0,0,0
"UpNnjV6p5GVPX6r_itOGUg",4.20231213872832,173,0,0,0,0,1,0,0,0,0,0,-1,0,0,0,0,0,0,0,1,0,0,0,1,0,1,0,0,0,0,0,0,0,0,0,0,0,0,1,0,1,0,0,1,0,0,0,0,0
"_a8vCw5cxt1vhN-HbgNGuw",3.54621848739496,238,0,0,0,0,0,0,0,0,1,0,-1,0,0,0,0,0,0,0,0,0,1,0,-1,0,0,-1,0,0,0,0,0,0,0,0,0,0,-1,1,1,0,0,0,0,0,0,0,0,0
"OlOe-kVpXQOk9pUBpHBFsQ",2.86538461538462,52,1,-1,0,0,0,0,0,-1,-1,0,0,0,0,0,0,0,1,0,0,0,0,0,0,0,0,0,0,0,0,0,1,0,0,0,0,-1,0,0,0,0,0,0,1,0,0,0,0,0
"vLJvRGuZ8BMSL9o5xOTlvg",4.80487804878049,41,0,0,0,0,0,0,0,0,0,0,0,0,0,0,0,0,0,0,0,0,0,0,0,1,1,0,0,0,0,0,0,0,-1,0,0,0,0,0,0,0,0,0,1,0,0,0,0,0
"o0Y5O_D8RQCx0NEwqPjASQ",3.58064516129032,93,1,-1,0,0,0,0,0,0,-1,0,-1,0,0,0,0,1,0,0,0,1,0,0,1,0,0,0,0,0,0,0,0,0,0,0,0,0,0,1,0,0,0,0,0,0,0,0,0,0
"tyWShmboVP-S0hVXSNUhDQ",4.01851851851852,54,1,0,0,0,1,0,0,0,1,0,1,0,0,0,0,0,0,0,1,0,1,0,1,0,1,0,0,0,0,0,0,0,1,0,0,1,0,0,0,1,0,0,0,0,0,0,0,0
"TLqA84CZi0T02XMnNe6GJg",3.42708333333333,96,0,0,0,0,0,0,0,0,0,0,0,0,0,0,0,0,0,0,0,0,0,0,0,0,1,0,0,0,0,0,0,0,0,0,0,0,0,0,0,1,0,0,1,0,0,0,0,0
"aW6Z4NSqEVli-xYMV3jRyg",3.55696202531646,79,1,0,0,0,0,1,0,0,0,0,-1,0,0,-1,0,-1,1,0,0,0,0,0,1,0,1,0,0,0,0,0,0,0,0,0,0,0,0,0,-1,0,0,0,1,0,0,0,0,0
"WWUKyGck3vJde6bPJmQ3wA",4,43,0,0,0,0,0,0,0,0,0,0,0,0,0,0,0,1,1,0,0,0,-1,0,0,0,0,0,0,0,0,0,0,0,1,0,0,0,0,1,0,0,0,0,0,0,0,0,0,0
"8rIDfnWHSo-K0Xb9Y1gjrA",3.96887159533074,257,0,0,1,1,1,0,0,0,0,0,0,0,0,0,1,1,1,0,0,0,1,0,1,1,1,0,0,0,0,0,0,0,1,0,0,0,0,1,0,1,0,0,1,0,0,0,0,0
"1_02wXxt7euom-9hWZeReA",3.29585798816568,169,0,-1,0,0,0,0,0,-1,0,0,0,1,0,1,0,-1,0,0,-1,0,0,0,0,0,1,0,0,1,-1,1,1,0,1,0,0,1,0,-1,0,0,0,0,0,0,0,0,0,0
"4O5YJJz4Tq51UcrTLT-7sw",4.1970802919708,137,0,-1,0,-1,0,0,0,0,0,0,1,0,0,1,0,1,1,0,1,0,0,0,-1,1,1,0,0,-1,0,-1,0,0,0,1,0,0,0,0,0,0,0,0,0,0,0,0,0,0
"ytGKbV7hRC6RkExo1NItEA",4.42424242424242,33,0,0,0,0,0,0,0,0,1,0,0,0,0,0,0,0,0,0,0,0,0,0,0,1,1,0,0,0,1,0,0,0,0,0,0,0,0,0,0,1,0,0,1,0,0,0,0,0
"5zjYrtSK1NdVoWNmo96rYA",3.25,120,0,0,0,0,0,0,0,0,0,0,0,0,0,1,0,-1,0,0,0,0,1,0,0,-1,-1,0,0,0,0,0,0,0,1,0,0,0,0,0,0,0,0,0,0,0,0,0,0,0
"OsS2vShy3aCxtsNSO0pDbg",4.17647058823529,85,0,0,0,0,0,0,0,0,0,0,0,0,0,0,0,0,0,0,0,0,1,0,0,0,0,0,0,0,0,0,0,0,0,0,0,-1,0,0,0,0,0,0,1,0,0,0,0,0
"-C1TuPTKUq-s5VPAcg81Sg",4.71698113207547,53,0,0,0,0,0,-1,0,-1,0,0,0,-1,0,0,0,0,0,0,0,0,-1,0,-1,1,0,1,0,0,0,0,0,0,1,0,0,0,0,0,0,1,0,0,1,0,0,0,0,0
"QrpTPjyOQVNXpT2WKQBDYQ",3.40540540540541,37,0,0,0,0,0,0,0,0,0,0,0,0,0,0,0,0,0,0,0,0,0,0,0,0,1,0,0,0,0,0,0,0,-1,0,0,1,0,0,0,0,0,0,0,0,0,0,0,0
"U9HhVS9rtYAYh4ZVcWWIbg",3.90625,32,0,-1,0,0,0,0,0,0,1,0,0,0,0,1,0,0,0,0,0,0,-1,0,-1,0,0,0,0,0,0,0,0,0,0,0,0,0,0,0,0,0,0,0,1,0,0,0,0,0
"K_tsB5Fl1hxcqMdH3uhHvQ",4.47058823529412,51,0,0,0,0,0,0,0,0,0,0,0,0,0,0,0,0,0,0,0,0,0,0,0,0,0,0,0,0,0,0,0,0,0,0,0,0,0,0,0,0,0,0,1,0,0,0,0,0
"xEIqG7Rq8ydAT9LxCVBOOg",3.25609756097561,82,0,0,0,0,0,0,0,0,0,0,0,0,0,0,0,0,1,0,-1,0,0,0,1,0,0,0,0,0,0,0,0,0,1,0,0,0,-1,1,0,0,0,0,1,0,0,0,0,0
"9k-q8w2MsVuc1KcpwKZ2Hw",4.05357142857143,56,1,1,1,0,0,0,0,0,0,0,0,0,0,-1,0,0,1,0,0,0,0,0,0,0,0,0,0,1,0,0,0,0,1,0,0,0,0,1,1,0,0,0,1,0,0,0,0,0
"ATMiPNPxN-g1ra7nar5prA",3.75102040816327,245,0,0,1,0,0,0,0,0,1,0,0,0,0,-1,0,1,0,1,1,-1,1,0,1,-1,0,0,0,0,0,-1,1,0,1,0,0,0,1,1,1,0,0,0,0,0,0,0,0,0
"8CnhJoJZjs0p96kN5LwKDQ",3.18181818181818,44,0,0,0,1,1,1,0,0,0,0,0,0,0,0,0,0,0,1,0,0,0,0,0,0,0,0,0,0,0,0,0,0,-1,0,0,0,0,0,0,0,0,0,1,0,0,0,0,0
"ZBE-H_aUlicix_9vUGQPIQ",2.96875,96,0,1,0,-1,0,1,0,0,0,0,0,0,0,0,0,1,1,0,1,1,0,0,0,0,-1,0,0,0,0,0,0,0,1,0,0,0,0,0,0,0,0,1,0,0,0,0,0,0
"b42EKdSk61zd_FEqEwioYQ",3.70967741935484,217,1,0,0,0,0,1,0,0,0,0,0,-1,0,0,0,0,1,1,0,0,0,1,0,1,0,0,0,1,0,0,0,0,0,0,0,0,1,0,1,0,0,1,1,0,0,0,0,0
"MTCyh5VqkKp1LIvfeI-TTg",3.69594594594595,148,0,0,0,0,0,0,0,-1,0,0,1,0,0,0,0,0,1,0,1,0,0,0,0,1,1,1,1,-1,0,-1,0,0,0,0,0,0,-1,0,1,0,0,-1,1,0,0,0,0,0
"csp7yhSDFkjdEKKGG7n6NA",3.93170731707317,205,0,1,0,0,1,0,0,0,0,0,1,0,0,1,0,1,1,0,1,0,1,0,0,1,1,0,0,0,1,0,0,0,0,0,0,1,0,-1,1,1,0,0,1,0,0,0,0,0
"ZBq7AD95c2kPei76KVewQQ",2.44444444444444,45,0,0,0,0,0,0,0,-1,-1,0,0,-1,0,0,0,0,0,0,1,0,-1,0,0,-1,0,0,0,0,0,0,0,0,-1,0,-1,0,0,0,0,1,0,0,1,0,0,0,0,0
"KbPB9h5kvqzNa2ys0NrvrA",3.6025641025641,78,0,0,0,0,0,0,0,0,0,0,0,0,0,1,0,1,0,0,0,1,1,0,1,0,1,0,0,1,1,0,0,0,-1,0,0,0,0,-1,1,0,0,0,1,0,0,0,0,0
"bXLaGCKzkQcA2hLT-JZQ1w",4.13513513513514,37,0,0,0,0,0,0,0,0,0,0,0,1,0,0,1,1,1,0,1,0,0,0,-1,0,1,0,0,1,0,0,0,0,0,0,0,0,0,1,0,1,0,0,0,0,0,0,0,0
"5-kKBLxNF3kYcDVgZyRTmQ",2.825,40,0,0,0,0,0,0,0,0,0,0,0,0,0,0,0,0,0,0,0,0,0,0,0,0,0,0,0,0,0,0,0,0,0,0,0,0,0,0,0,0,0,0,1,0,0,0,0,0
"f316rUVOmOM2VidXN2KAvg",3.77922077922078,154,1,0,0,0,0,0,0,0,0,0,0,1,0,0,0,0,0,1,0,0,0,1,0,1,1,0,0,0,0,0,0,0,-1,0,1,1,0,0,1,1,0,0,1,0,0,0,0,0
"rX55-phMl0GEDjNiwb8Cuw",3.56060606060606,66,0,0,0,0,0,0,0,0,-1,0,0,0,0,0,0,0,1,0,1,0,0,0,0,0,1,0,0,0,0,0,0,0,-1,0,0,0,0,0,-1,-1,0,0,0,0,0,0,0,0
"ZBHXfX3vK-ck52UBEofV2w",3.24,100,0,-1,-1,0,0,0,0,0,0,0,0,0,0,0,1,0,0,0,0,0,1,0,0,0,0,0,0,0,0,0,0,0,0,0,0,0,0,1,-1,0,0,0,0,0,0,0,0,0
"I6Xa5eF9Jv9VM6ms_dkY8A",4.12068965517241,232,1,0,0,0,1,1,0,0,0,0,0,0,0,1,0,0,-1,0,1,0,1,0,0,1,0,0,1,-1,0,0,0,0,0,0,0,1,0,0,0,0,0,0,1,0,0,0,0,0
"182GDGXSdT5AFKYfsXG9Jw",4.52631578947368,38,0,0,0,0,0,0,0,0,1,0,1,0,0,0,0,0,0,0,0,0,0,0,0,0,0,0,0,0,0,0,0,0,0,0,0,0,0,0,0,0,0,0,1,0,0,0,0,0
"3CG7oBD_k85M8jJ_JlhL-A",3.16151202749141,291,0,1,0,0,0,0,0,0,0,0,0,0,0,-1,0,0,0,1,1,0,0,-1,0,0,0,0,0,0,0,0,0,0,0,0,0,0,0,0,0,1,1,0,0,0,0,0,0,0
"0GS6_96ld7mdEfgKhoDliA",3.17361111111111,144,1,-1,0,1,1,0,0,0,0,0,1,1,0,-1,0,0,-1,1,0,0,1,0,0,0,0,0,0,0,0,0,0,0,0,0,0,0,0,0,0,1,0,0,1,0,0,0,0,0
"ooQZTGrJhI5H5dW7kGsipw",4.01538461538462,65,0,0,0,0,0,0,0,0,0,0,1,0,0,0,0,0,0,0,0,0,0,0,0,0,0,0,0,0,0,0,0,0,-1,0,0,0,0,0,0,0,0,0,1,0,0,0,0,0
"DQIZ35zW26988gl4q_fDHA",4.34920634920635,126,0,0,0,0,1,0,0,0,1,0,0,0,0,0,0,0,0,1,0,0,0,0,0,1,0,0,0,0,0,0,0,0,1,0,0,1,0,0,0,1,0,1,1,0,0,0,0,0
"GiTv0gFXtYFQAzCXnPvepQ",2.7,50,-1,1,0,0,0,-1,0,0,0,0,0,0,0,0,0,0,1,0,0,0,-1,0,0,0,0,0,0,0,0,0,0,0,0,0,0,0,0,-1,0,0,0,-1,1,0,0,0,0,0
"B1kKm3sLtoRZGXeZTwKiAg",2.83695652173913,92,1,-1,0,0,0,0,0,0,0,0,0,1,0,0,0,0,-1,1,1,0,-1,0,-1,0,0,0,0,0,0,0,0,0,0,0,0,0,0,0,0,0,0,0,0,0,0,0,0,0
"u632XAPn08Rot9Ru9BoFNA",4.08219178082192,73,1,0,0,0,1,1,0,0,0,0,0,1,0,0,1,0,1,0,-1,0,0,0,0,1,0,0,0,0,1,0,0,0,1,0,0,0,0,0,1,-1,0,0,1,0,0,0,0,0
"npWIa3dIPEV1MTaZNq6AUA",4.12709030100334,299,1,-1,1,0,1,0,0,0,0,0,0,1,0,0,0,0,0,1,0,0,1,0,0,0,1,0,-1,0,0,0,0,0,0,0,0,0,0,0,1,0,0,0,0,0,0,0,0,0
"tI9k0Vqdx0EgNohUdSJCeg",3.1358024691358,81,-1,0,0,0,0,0,0,0,1,0,0,0,0,1,0,0,1,1,1,1,0,0,-1,0,0,0,0,0,0,0,0,0,0,0,0,0,0,1,0,0,0,0,1,0,0,0,0,0
"Csa0t9l6CvM2oeZLgFC6Iw",3.53465346534653,101,0,0,0,0,0,0,0,0,0,0,0,0,0,0,0,1,1,0,0,0,1,0,0,1,0,0,0,0,0,0,0,0,1,0,0,0,0,0,1,0,0,0,0,0,0,0,0,0
"ui8KERxCwlx8B5vWvpXxqg",3.7012987012987,77,0,-1,0,0,1,0,0,0,-1,0,0,0,0,0,0,0,-1,-1,-1,0,0,0,1,1,0,0,0,-1,0,1,0,0,1,0,0,0,0,-1,1,0,0,0,0,0,0,0,0,0
"u2NsBZp8Se_65rs6ydI0NQ",3.66165413533835,133,0,1,0,0,0,1,0,0,0,0,1,0,0,0,0,1,1,1,0,0,1,0,0,1,0,0,0,1,0,0,0,0,1,0,-1,0,0,0,0,0,0,0,1,0,0,0,0,0
"lPZ6RQ_jj9xlhvLEB3c4Wg",3.8041958041958,143,0,-1,0,0,0,0,0,0,-1,0,1,0,0,0,0,0,0,1,0,0,0,0,0,1,1,0,0,0,0,1,0,0,0,0,0,0,0,0,0,0,0,0,1,0,0,0,0,0
"_kzB_xsb9DHUPfXB0XfQGA",3.33466135458167,251,0,0,0,1,0,0,0,0,0,0,0,0,1,0,0,0,0,1,0,0,0,0,0,0,1,0,0,0,0,0,0,0,0,0,1,1,0,1,0,1,0,0,0,0,0,0,0,0
"nmOJhPW62nCiuXHJuWooIg",3.63448275862069,145,0,0,0,0,0,1,0,0,1,0,0,0,0,0,0,0,0,0,0,0,0,0,0,0,0,0,1,0,0,0,0,0,0,0,0,0,0,0,0,0,0,1,0,0,0,0,0,0
"sPwgafejYVdf8hd4-oDYVg",3.94642857142857,224,0,0,1,0,0,0,0,0,0,0,0,0,0,1,0,1,1,0,1,-1,1,0,0,0,0,0,0,0,0,0,0,0,1,0,0,0,0,0,1,0,0,0,1,0,0,0,0,0
"6BcIG-1lnc58bxTlxQq17A",2.32857142857143,70,0,1,0,0,0,0,0,0,0,0,0,1,0,0,0,1,1,0,1,0,0,0,-1,1,0,0,0,0,0,0,0,0,0,0,0,0,0,-1,0,0,0,0,1,0,0,0,0,0
"uOWWk2duBzNao8fiQFWkJQ",3.70247933884298,121,0,0,0,0,0,0,0,0,0,0,0,0,0,0,0,1,0,0,0,0,0,1,0,1,1,0,0,1,0,0,0,0,0,0,-1,0,0,0,0,1,0,0,0,0,0,0,0,0
"3ma_7W3vZSD2fd6EosN3yQ",3.66463414634146,164,0,1,0,0,1,1,0,0,0,0,0,0,0,0,0,1,0,1,0,0,0,0,1,1,0,0,0,0,0,0,0,0,0,0,0,0,0,1,0,0,0,0,0,0,0,0,0,0
"avTIDv9lJHiNcg3mcwTxqg",3.98230088495575,113,0,0,0,0,0,0,0,0,0,0,0,0,0,1,0,0,1,1,0,0,1,0,1,0,0,0,0,0,0,0,0,0,-1,0,0,0,0,0,0,0,0,0,1,0,0,0,0,0
"yxLVwItd1Wnhy6SeUUcNYA",3.56989247311828,93,0,0,1,1,0,1,0,0,0,0,0,0,0,1,1,0,-1,0,1,0,-1,0,1,1,0,0,0,0,0,0,0,0,1,0,0,0,0,0,0,0,0,0,1,0,0,0,0,0
"hVLFDDA31wYm3Jjz3w74GA",3.72027972027972,286,0,1,1,0,0,0,0,-1,0,0,0,1,0,0,0,0,0,0,-1,0,0,0,0,0,0,0,0,0,0,0,0,0,0,0,0,-1,0,0,1,-1,1,0,0,0,0,0,0,0
"pe20N--YSUZlKYa-WaSfJA",3.46511627906977,86,0,0,0,0,0,0,0,0,0,0,1,0,0,0,0,-1,0,0,0,0,0,0,0,0,0,0,0,0,0,0,0,0,0,0,0,0,0,0,1,0,1,0,1,0,0,0,0,0
"fHN2vxGJYpxELmdzADhksA",3.734375,64,0,0,0,0,0,0,0,0,1,0,0,0,0,0,0,0,0,0,0,0,0,0,0,0,0,0,0,0,0,0,0,0,1,0,0,0,0,0,0,0,0,0,1,0,0,0,0,0
"AuIiqDeL65kczmiFSkAWrA",3.58255451713396,321,0,0,0,0,0,0,0,0,0,0,0,0,0,1,0,1,0,1,1,0,1,1,0,0,1,0,0,0,0,1,0,0,0,0,0,0,0,1,0,0,0,0,0,0,0,0,0,0
"tInrGCzll4k9hF34Ye1rvQ",3.79452054794521,438,1,0,0,0,0,0,0,0,0,0,0,0,0,0,0,1,0,0,1,0,0,0,0,0,1,-1,0,1,0,0,0,0,0,0,1,0,0,0,0,0,0,0,0,0,0,0,0,0
"dmx8LX_V-vQbgBhFQPLl9A",2.64957264957265,117,0,1,0,-1,0,0,0,0,0,0,0,0,0,0,0,0,0,1,1,0,0,0,-1,0,1,0,0,0,0,0,0,0,0,0,0,1,0,0,-1,0,0,0,1,0,0,0,0,0
"zPUjrM223oSulvRRhpkAmQ",4.21276595744681,94,0,0,0,0,0,0,0,0,0,0,0,0,1,0,0,0,0,0,0,0,0,0,0,1,0,0,0,0,0,0,0,0,0,0,0,0,0,0,0,0,0,0,0,0,0,0,0,0
"MYnD-mEnOXNqrfIT2GeZqA",3.64739884393064,173,0,-1,0,-1,0,1,0,-1,0,0,0,0,0,0,0,0,0,-1,0,0,0,0,0,1,0,0,1,0,0,0,-1,0,0,0,0,0,0,0,0,1,0,0,1,0,0,0,0,0
"irx72bUk68BCHmKN9ZYHCA",4.06666666666667,45,0,0,0,0,0,0,0,0,1,0,1,0,0,0,0,0,0,0,0,0,0,0,0,1,0,0,0,-1,0,0,0,0,0,0,0,0,0,0,0,-1,0,0,0,0,0,0,0,0
"WAmCIDi3qn2VI7OUqZfjYQ",3.10483870967742,124,1,0,0,-1,0,0,0,-1,0,0,0,0,0,0,0,0,0,0,0,0,0,0,-1,0,0,0,0,0,0,0,0,0,0,0,0,0,0,0,0,-1,0,0,0,0,0,0,0,0
"s7lZ-_yylRPRXOxFYtQkCQ",3.94117647058824,51,0,0,0,0,0,0,0,0,0,0,0,0,0,0,0,0,0,0,0,0,0,0,0,1,0,0,0,1,0,0,0,0,0,0,0,0,0,0,0,0,0,0,1,0,0,0,0,0
"kRhjWeAPs-U5RmakIKz0Pg",3.88235294117647,136,1,1,0,-1,1,1,0,0,0,0,0,0,0,1,1,1,0,0,1,0,0,0,0,0,0,0,0,-1,0,0,0,0,1,0,0,0,0,0,0,0,0,0,0,0,0,0,0,0
"rBo_suDMdGmFQ0TtYg3b2Q",1.93333333333333,30,0,0,0,0,0,0,0,0,0,0,0,0,0,0,0,0,0,0,0,0,0,0,0,0,0,0,0,0,0,0,0,0,0,0,0,0,0,0,1,0,0,0,0,0,0,0,0,0
"_-OBx0-ReIMrPOmaReB8-Q",4.21276595744681,47,0,0,0,0,1,1,0,0,1,0,0,0,0,0,0,0,0,0,0,0,1,0,0,0,0,0,0,0,0,0,0,0,0,0,0,0,0,0,0,0,0,0,1,0,0,0,0,0
"ru2NBzoG2RtRbV0H2Vvjcw",4.46,50,0,0,0,0,0,0,0,0,0,0,0,0,0,0,0,0,0,0,0,0,0,0,0,1,0,0,0,0,0,0,0,0,-1,0,0,0,0,0,-1,0,0,1,0,0,0,0,0,0
"fepCIbejv-Kxs6SE6u-_uA",3.765625,128,1,0,0,0,0,1,0,0,0,0,0,0,1,1,1,0,0,0,-1,0,1,0,0,0,1,0,0,1,0,0,0,0,0,0,0,0,1,1,0,1,0,0,1,0,0,0,0,0
"zX--4nk6LshQ3D79HPACxw",3.19469026548673,113,0,0,0,0,1,0,0,0,0,0,0,0,0,0,0,0,0,0,0,0,0,0,0,1,0,0,1,0,1,0,0,0,0,0,-1,0,-1,0,0,1,0,0,0,0,0,0,0,0
"TH_hGGgVIEBtexcpffZXgQ",3.18518518518519,54,0,0,0,0,0,0,0,0,1,0,0,0,0,0,0,0,0,0,0,0,0,0,0,1,0,0,0,0,0,0,0,0,0,0,0,0,0,0,0,0,0,0,0,0,0,0,0,0
"QG9hp2nhcglAIat88yH6aw",3.18055555555556,72,0,0,0,0,0,0,0,0,0,0,0,0,0,0,0,0,0,0,0,0,0,0,0,0,1,0,0,0,0,0,0,0,0,0,0,0,0,0,1,1,0,0,-1,0,0,0,0,0
"fHkiH52AATeRa8Fi2yStpQ",3.55172413793103,87,0,0,0,0,0,0,0,0,0,0,0,0,0,0,0,0,1,1,0,0,0,0,0,-1,0,0,0,0,0,0,0,0,1,0,0,0,0,0,1,0,0,0,1,0,0,0,0,0
"Err-UlwpMFaCIQ4mAVxmzQ",4.27397260273973,73,0,0,0,0,0,1,0,0,1,0,0,0,0,1,1,1,0,0,1,1,0,-1,0,1,0,0,0,0,0,0,0,0,1,0,0,0,0,1,-1,0,0,0,0,0,0,0,0,0
"l9tFVg7r7QXuLnCywMQl7Q",4.53061224489796,49,1,0,0,0,1,1,0,0,1,0,0,0,0,-1,0,1,0,0,0,0,1,0,1,1,1,0,0,0,0,1,0,0,0,0,0,0,0,0,0,0,0,0,1,0,0,0,0,0
"QUXSmYIDvpN7_E5BkrA0Mg",4.25531914893617,47,0,0,0,0,0,1,0,0,1,0,0,0,0,1,0,1,1,0,0,0,1,0,0,0,1,0,0,0,0,0,0,1,-1,0,0,0,0,0,1,-1,0,0,1,0,0,0,0,0
"w0ucHqKjiLcUKOicN9Mp8A",4.36170212765957,94,0,0,0,0,0,0,0,0,0,0,0,0,0,1,0,0,1,0,0,1,1,0,0,0,0,0,0,0,0,1,0,0,0,0,1,0,0,0,1,0,0,0,0,0,0,0,0,0
"5WhZvE8pvDGVaYaIQOCohg",2.78181818181818,55,0,0,0,0,0,0,0,0,0,0,0,0,0,0,0,0,0,0,0,0,0,0,0,0,0,0,0,0,0,0,0,0,0,0,0,0,0,0,-1,0,0,0,0,0,0,0,0,0
"E0vZWNBWe-LwdECQFIjnug",3.43916913946588,337,0,0,0,0,0,0,0,0,0,0,0,0,0,0,0,1,0,1,0,0,0,0,0,0,0,0,0,-1,0,0,0,0,0,0,-1,0,0,0,0,0,0,0,1,0,0,0,0,0
"yZwuB_xo-N843Nx5sRP1QQ",2.89583333333333,48,0,0,0,0,0,0,0,0,0,0,0,0,0,0,0,0,0,0,0,0,0,0,0,0,0,0,0,0,0,0,0,0,-1,0,0,0,0,0,0,0,0,0,1,0,0,0,0,0
"4X9tVVQHIewliXqaancfQA",2.33986928104575,153,0,0,0,-1,0,1,0,0,0,0,0,-1,0,0,0,0,-1,0,0,0,-1,0,0,0,0,0,0,0,0,0,0,0,1,0,0,0,0,0,-1,0,0,0,-1,0,0,0,0,0
"OshRlnBMt5r5UNThEdxMRA",4.18461538461538,65,0,0,0,0,0,0,0,0,0,0,0,0,0,0,0,0,0,0,0,0,0,0,0,1,0,0,0,0,0,0,0,0,0,0,0,0,0,0,0,-1,0,0,0,0,0,0,0,0
"LUZ94dZpgCmBGyNH52S7lg",3.65945945945946,370,1,1,0,0,0,1,0,0,1,0,0,0,0,1,0,0,0,-1,1,0,1,0,1,1,1,0,1,0,0,1,0,0,0,0,0,1,0,0,0,0,0,1,1,0,0,0,0,0
"CmjPjJ69ayDAtBJrT-nUTw",4.06666666666667,45,0,0,0,0,1,0,0,0,1,0,0,0,0,0,0,1,0,0,0,0,0,0,0,0,0,0,0,0,0,0,0,0,-1,0,0,0,0,0,0,0,0,0,0,0,0,0,0,0
"-2pQf1ceDZyE2ReCNbj-3A",3.43548387096774,62,-1,0,0,0,0,1,0,0,0,0,0,0,0,0,0,0,0,1,0,0,-1,0,0,0,0,0,0,0,0,0,0,0,0,0,0,0,0,0,0,0,0,0,0,0,0,0,0,0
"Uftnd7njdHNFxhz_6rpUrA",4.2029702970297,404,1,0,0,0,0,0,0,0,0,0,1,0,0,0,1,0,1,1,1,1,0,0,0,0,1,0,0,0,0,0,1,0,0,0,0,0,0,0,1,0,0,0,0,0,0,0,0,0
"lBf_TcBWS7XF-TA4qT8MgQ",3.74626865671642,134,1,0,0,0,0,1,0,0,1,0,1,-1,0,-1,0,0,0,1,1,0,1,0,1,1,0,0,0,0,0,0,0,0,1,0,0,0,0,0,0,0,0,0,1,0,0,0,0,0
"G7QGwPZjCVmvcEsC3ARoYg",4.58823529411765,68,1,0,0,0,0,0,0,0,1,0,0,1,0,1,0,1,1,0,0,0,0,0,1,0,0,0,0,0,0,0,0,0,1,0,0,0,1,0,1,0,0,0,0,0,0,0,0,0
"Daasejc2-RV-MxEKpPjXtA",3.59090909090909,132,0,1,0,1,1,0,0,0,1,0,0,0,0,0,0,1,1,0,1,0,1,0,0,0,1,0,0,0,0,0,0,0,0,0,0,0,0,0,1,0,0,1,1,0,0,0,0,0
"8Kj8djbAZHEDImwjlmvOJQ",3.66666666666667,48,-1,1,0,0,0,0,0,0,1,0,0,0,0,0,0,0,0,0,-1,0,-1,0,0,0,0,0,0,0,0,0,0,0,0,0,0,0,0,1,0,0,0,0,1,0,0,0,0,0
"4B_nRR2pEPqx-F-9y6oqnw",2.87096774193548,31,1,0,0,0,0,0,0,0,-1,0,0,0,0,0,0,1,-1,0,-1,0,0,0,0,0,0,0,0,0,0,0,0,0,1,0,0,0,0,0,1,0,0,0,1,0,0,0,0,0
"qnsqf81chWm3KndLt9KUTA",2.25,64,0,0,0,0,0,1,0,0,0,0,-1,0,0,0,0,0,0,0,-1,0,0,0,0,0,0,0,0,0,0,0,0,0,0,0,0,1,0,0,0,0,0,0,0,0,0,0,0,0
"4fFF8i_YsLFivSDcqMJDdg",2.98305084745763,59,0,0,0,0,-1,0,0,0,-1,0,0,0,0,0,0,-1,0,0,0,0,0,0,-1,-1,0,0,0,0,0,0,0,0,1,0,0,0,0,-1,0,0,0,-1,0,0,0,0,0,0
"M4mNS2LZPjpzQyiJgL8znw",3.37096774193548,62,0,0,0,0,0,0,0,0,0,0,0,0,0,0,0,0,1,0,1,0,0,0,-1,0,0,0,-1,0,0,0,0,0,1,0,0,0,0,0,1,0,0,0,0,0,0,0,0,0
"rv0-ZcAbWkvpomaK0BhQrA",4.5,84,-1,0,0,0,0,0,0,0,0,0,0,0,0,-1,0,0,0,0,0,0,0,0,-1,1,1,0,-1,0,0,0,0,0,1,0,0,0,0,1,1,-1,0,0,1,0,0,0,0,0
"v4HpZFOU3mvIeuHLRSIi7g",4.04433497536946,203,0,0,0,0,1,0,0,0,0,0,0,0,0,0,0,0,1,0,0,0,1,0,0,0,0,0,0,0,0,0,0,0,0,0,0,0,0,1,0,0,0,0,1,0,0,0,0,0
"bcCBj67idzZMrjqbsyjEyQ",3.58928571428571,112,0,0,0,0,0,0,0,0,1,0,0,0,0,0,0,0,1,0,0,1,1,0,0,0,1,0,-1,0,0,-1,1,0,0,0,0,-1,0,0,0,0,0,0,0,0,0,0,0,0
"qC9ivAdl47BcZdlbW7ffLg",2.92,125,0,0,0,0,0,0,0,0,0,0,0,0,0,0,0,1,0,0,1,0,0,1,0,1,0,0,0,1,0,0,0,0,0,0,0,0,0,0,0,0,0,0,1,0,0,0,0,0
"FrfzI901uS2bU2kgUkqaVw",3.88953488372093,172,1,1,0,0,0,0,0,0,0,0,0,0,0,0,1,0,0,0,0,1,0,0,0,0,0,0,0,0,0,0,0,0,0,0,0,0,0,1,1,0,0,0,0,0,0,0,0,0
"QD76w6JnHHrUGB03YdL44A",2.89887640449438,89,0,0,0,0,0,0,0,0,-1,0,0,0,0,0,0,0,-1,0,0,0,0,0,-1,0,0,0,0,0,0,0,0,0,-1,0,0,0,0,-1,0,1,0,0,1,0,0,0,0,0
"5hYLxV7F8HJPk3ZUkbXH8A",2.12987012987013,77,0,0,0,0,0,0,0,0,0,0,0,0,0,0,0,-1,-1,0,1,0,0,0,1,-1,0,0,0,0,0,0,0,0,-1,0,0,0,0,-1,0,0,0,0,0,0,0,0,0,0
"J76qDaF8iPl-8y2tYFhXbw",3.54838709677419,62,-1,0,0,-1,1,1,0,0,0,0,0,1,0,0,0,0,1,0,0,0,0,0,0,0,0,0,0,0,0,0,0,0,0,0,0,0,0,0,1,0,0,0,1,0,0,0,0,0
"DBxS04vNEd42NquQcAIMXA",4.03669724770642,109,0,-1,0,0,0,0,0,0,0,0,0,0,0,0,0,0,0,0,0,0,0,0,0,-1,0,0,0,1,0,0,0,0,0,0,0,0,0,1,0,0,0,0,1,0,0,0,0,0
"fPmPROBqVT8-D-aTc6VBEQ",4.36,50,0,0,0,0,0,0,0,0,0,0,0,0,0,0,0,0,0,0,0,0,0,0,1,0,0,0,0,0,0,0,0,0,1,0,0,0,0,0,0,0,0,0,1,0,0,0,0,0
"bMIVYOyr0pOYHUDNsmSDwg",3.76237623762376,202,0,-1,0,-1,0,0,0,0,0,0,0,0,0,0,0,0,1,0,0,-1,1,0,0,1,0,0,0,0,0,1,0,0,1,0,0,0,0,0,1,0,0,0,1,0,0,0,0,0
"tdo6JvAKwmMAKU8T5jfORw",3.58227848101266,79,0,0,0,0,0,0,0,0,0,0,1,0,0,0,0,0,0,0,0,0,1,0,0,0,0,0,0,0,0,0,0,0,1,0,0,0,0,0,0,1,0,0,1,0,0,0,0,0
"VPD964F1uXEDjoh8pM2BJw",3.77611940298507,67,0,0,0,0,0,0,0,0,0,0,0,0,0,0,0,0,1,0,0,0,0,0,0,0,0,0,0,0,0,0,0,0,0,0,0,0,0,0,0,-1,0,0,1,0,0,0,0,0
"JznzN8VmdqkEq9lQpJ6HCw",4.02439024390244,41,0,0,0,0,0,0,0,0,0,0,0,0,0,0,0,0,0,0,0,0,0,0,0,0,0,0,0,0,0,0,0,0,-1,0,0,0,0,0,0,0,0,0,1,0,0,0,0,0
"xFUZ9dI-h0NHjjJv8P1uFw",4.29166666666667,48,0,0,0,0,1,-1,0,0,0,0,1,0,0,0,0,0,0,0,0,0,0,0,1,0,0,0,0,0,0,0,0,0,0,0,0,0,0,0,1,0,0,0,0,0,0,0,0,0
"dM_bvkmRli5sbvSik_uDMw",3.87128712871287,101,1,0,0,0,0,1,0,0,1,0,0,0,0,1,0,1,1,1,0,0,0,0,0,0,1,0,0,0,0,0,0,0,0,0,0,0,0,0,0,1,0,0,1,0,0,0,0,0
"j7MAcrMGsiRCrFLLQH-XEQ",2.98484848484848,66,0,0,1,0,0,1,0,0,0,0,0,0,0,1,0,0,-1,0,0,0,1,0,0,0,0,0,0,0,0,0,0,0,0,0,0,0,0,0,-1,0,0,0,1,0,0,0,0,0
"4vDffQ7eSQ7n39cyroOSKQ",3.54318181818182,440,0,0,0,0,0,-1,0,0,0,0,0,1,0,1,0,0,1,0,1,0,0,0,0,0,1,0,1,1,0,-1,1,0,0,0,0,1,0,1,1,0,0,0,0,0,0,0,0,0
"iFZpyiDUgwldTWuW-5YW6A",3.08333333333333,72,-1,0,0,0,0,0,0,0,1,0,1,0,0,0,0,1,0,0,0,0,0,0,0,0,1,0,0,0,0,0,0,0,0,0,1,0,0,1,-1,-1,0,0,0,0,0,0,0,0
"l_kefVF1frmC0xRW2YkvUA",2.47679324894515,237,0,0,1,-1,0,-1,0,0,0,0,0,0,0,0,0,0,0,0,-1,0,1,0,0,0,1,0,0,0,-1,-1,0,0,0,0,0,1,0,0,-1,-1,0,0,0,0,0,0,0,0
"zLAjobZ6B_0tgJsB41FNuQ",3.40860215053763,93,0,0,0,0,1,1,0,0,-1,0,0,0,0,-1,0,0,0,1,1,0,1,0,0,1,0,0,0,0,0,0,0,0,-1,0,0,0,0,-1,0,0,0,1,0,0,0,0,0,0
"iPziapwjmIMF7n8UDNC-dg",4.28571428571429,98,0,0,0,0,0,0,0,0,0,0,0,1,0,1,0,0,0,0,0,0,1,0,1,1,1,0,0,1,0,0,0,0,-1,0,0,0,0,0,1,1,0,0,1,0,0,0,0,0
"4xsgyzyQ5K50AMkc4CoZEA",4.26666666666667,30,0,1,0,0,0,0,0,0,0,0,0,0,0,0,0,0,0,0,0,0,0,0,0,1,0,0,0,0,0,0,0,0,1,0,0,0,0,-1,0,0,0,0,1,0,0,0,0,0
"l-HGrLblZ5HkagtjKqHYXg",3.82352941176471,153,0,0,0,0,0,0,0,0,0,0,0,0,0,0,0,1,0,0,0,0,0,1,0,-1,0,0,0,-1,0,0,0,0,0,0,0,0,0,0,1,0,0,0,1,0,0,0,0,0
"e6RmYNs6XV3feuDKzrxp4A",4.25423728813559,59,0,1,0,0,0,0,0,0,0,0,0,0,0,0,0,0,0,0,0,0,0,0,0,0,1,0,0,0,0,0,0,0,-1,0,0,0,0,-1,0,1,0,0,0,0,0,0,0,0
"L3qurOlAFpd9AJG4Ah_6Lw",4.30769230769231,52,0,0,0,0,0,0,0,0,0,0,0,0,0,0,0,0,0,0,0,0,0,0,0,1,0,0,0,0,0,0,0,0,0,0,0,0,0,1,0,0,0,0,0,0,0,0,0,0
"R2gNwPARX31w68wjhuJ0zw",3.368,125,0,0,0,0,0,0,0,0,0,0,-1,0,0,1,1,0,1,1,1,0,1,0,0,0,0,0,0,0,0,0,0,0,-1,0,0,0,0,1,0,0,0,0,0,0,0,0,0,0
"xSs1Z1OrWC_KmhY0SPKJ1Q",3.43023255813953,86,0,0,0,0,0,0,0,0,1,0,0,0,0,0,0,1,1,0,0,0,0,0,1,1,0,0,0,0,0,0,0,0,1,0,0,0,0,1,0,0,0,0,1,0,0,0,0,0
"as3TgTaCefJ-VL6Rn3GU6A",2.84210526315789,57,0,0,0,0,0,0,0,0,0,0,0,0,0,0,0,0,0,0,0,0,0,0,0,1,0,0,0,1,0,0,1,0,1,0,0,0,0,0,0,0,0,0,1,0,0,0,0,0
"qB9qJ5MY4vyAFJRpmJ3iNQ",2.75,48,0,0,0,-1,0,0,0,0,-1,0,0,0,0,0,0,0,0,0,0,0,0,0,0,0,0,0,0,0,0,0,0,0,0,0,0,1,0,0,0,1,0,0,0,0,0,0,0,0
"yBmDNVdEzW1ARUXYlKACIw",4.27272727272727,121,0,0,0,0,0,0,0,0,1,0,1,0,0,0,0,0,0,0,0,0,0,0,0,1,1,0,0,0,0,0,0,0,-1,0,0,0,0,0,1,0,0,0,1,0,0,0,0,0
"LdhprCGxa0inFo5P812EIg",3.6530612244898,49,1,0,0,0,1,0,0,0,1,0,0,0,0,0,1,1,0,0,0,0,1,0,1,0,0,0,0,0,0,0,0,0,1,0,1,0,0,1,0,1,0,0,0,0,0,0,0,0
"RApd_uvsR3dDNekgc1Emrw",3.87012987012987,77,1,0,0,0,1,0,0,0,0,0,0,0,1,0,0,0,1,0,0,1,0,0,0,0,0,0,0,0,0,0,0,0,0,0,0,0,0,1,1,0,0,0,0,0,0,0,0,0
"PqnGRNZ8E587iEasyknWRw",3.95348837209302,43,0,0,0,0,0,0,0,0,0,0,0,0,0,0,0,0,0,0,0,0,0,0,0,0,0,0,0,0,0,0,0,0,0,0,0,0,0,0,0,0,0,0,1,0,0,0,0,0
"MtSEQlqTj3Pup-wBY-dKfA",3.38069705093834,373,0,-1,0,0,1,0,0,0,0,0,1,0,-1,1,0,0,1,1,1,0,0,0,0,1,1,0,0,0,1,0,0,0,0,0,0,0,0,0,0,0,0,0,0,0,0,0,0,0
"7d7pZlKji6NozhHP1SrVqw",4.29735234215886,491,1,1,0,0,0,1,0,0,0,0,0,0,0,0,0,0,0,1,0,0,0,1,0,1,0,0,-1,0,0,0,0,0,0,0,0,0,0,1,1,0,0,1,1,0,0,0,0,0
"Y1YfmqsJWhuJBFGKzHpqjg",3.82222222222222,45,0,-1,0,1,1,0,0,0,0,0,0,0,0,-1,0,0,0,0,0,0,-1,0,0,-1,0,0,0,0,0,0,0,0,0,0,0,0,0,0,-1,0,0,-1,1,0,0,0,0,0
"HDv-KchmLSlRr5MXxRkNqQ",3.47126436781609,174,0,0,0,0,0,0,0,0,-1,0,0,0,0,0,0,1,1,0,1,0,0,0,1,0,0,0,0,-1,0,0,0,0,0,0,0,0,0,0,0,0,0,0,1,0,0,0,0,0
"ngjl1kOSXpdP38gZHCGY5Q",3.59615384615385,52,0,0,0,0,0,0,0,0,0,0,0,0,1,0,0,0,0,0,0,0,0,0,0,0,0,0,0,0,0,0,0,0,1,0,0,0,1,-1,0,-1,0,0,1,0,0,0,0,0
"a1v8QIdbA_HTg_YyNlBY_w",3.42207792207792,154,0,0,0,0,0,0,0,0,0,0,0,0,0,-1,0,0,0,0,0,0,0,0,0,1,0,0,0,0,0,0,0,0,1,0,1,0,0,-1,1,0,0,0,0,0,0,0,0,0
"CZbr0_fMctWlOXL3iRbhEA",3,84,1,1,0,0,0,1,0,0,1,0,0,0,0,0,0,0,1,0,1,0,1,0,0,0,1,0,0,0,0,0,0,0,0,0,1,1,0,0,0,0,0,0,0,0,0,0,0,0
"UbMtPSMcyWbrceQK9OjDQw",3.17307692307692,52,0,0,0,0,1,0,0,0,-1,0,0,0,0,0,0,0,1,0,-1,0,0,0,0,0,0,0,0,0,0,0,0,0,0,0,0,0,0,1,-1,0,0,0,0,0,0,0,0,0
"ICUCAzUZFiWkYs7iCtNCQg",3.7810650887574,338,0,0,0,0,0,0,0,0,0,0,0,0,0,0,0,0,0,0,1,0,1,0,0,0,1,0,0,0,0,0,0,0,1,0,0,0,1,0,0,1,0,0,0,0,0,0,0,0
"zRV7bzP_CfTg-_R9U-VsVg",4.19565217391304,46,0,0,0,0,0,0,0,0,0,0,0,0,0,0,0,0,0,0,0,0,0,0,0,1,0,0,0,0,0,0,0,0,-1,0,0,0,0,0,0,0,0,0,0,0,0,0,0,0
"aA4AkefTWdLm94rgf6lUUA",4.3265306122449,49,0,0,0,0,-1,0,0,0,0,0,0,0,0,0,0,0,0,0,0,0,0,0,0,0,-1,0,0,0,0,0,0,0,0,0,0,0,0,0,0,-1,0,0,0,0,0,0,0,0
"nsWjsPDCVrsS3tCCisTxjg",4.35714285714286,42,0,0,0,0,0,0,0,0,0,0,0,0,0,0,0,0,0,0,0,0,0,0,0,-1,0,0,0,0,0,0,0,0,0,0,0,0,0,0,0,0,0,0,0,0,0,0,0,0
"kWnxQuHCVq2lZGt-R2j6MA",3.32258064516129,62,0,-1,0,0,1,0,0,0,1,0,0,1,0,1,0,1,0,0,0,0,0,0,-1,0,0,0,0,0,0,0,0,0,0,0,0,0,0,0,0,0,0,0,0,0,0,0,0,0
"lDW17ZfA17a-5yg1vCK3wg",2.6984126984127,63,0,0,0,0,0,0,0,0,0,0,0,0,0,0,0,0,0,0,0,0,0,0,0,1,0,0,0,0,0,0,0,0,1,0,0,0,0,0,0,0,0,0,1,0,0,0,0,0
"IeK0nzbMPbWnUBIPB83v6A",3.54945054945055,91,0,0,0,0,0,0,0,0,0,0,0,0,0,0,0,0,0,0,0,0,0,0,0,0,-1,0,0,1,0,0,1,0,-1,0,0,0,0,-1,0,0,0,0,0,0,0,0,0,0
"yufkwo_ZszA1QHJwcuyOWQ",4,109,1,1,0,0,0,1,0,0,1,0,0,0,0,-1,0,0,1,0,0,1,1,1,1,1,1,0,0,1,0,0,0,0,0,0,0,0,0,0,1,1,0,0,0,0,0,0,0,0
"fSznh4dR6TQXX9-TOEraJg",4.13333333333333,45,0,0,0,0,0,0,0,0,0,0,0,0,0,0,0,0,0,0,0,0,0,0,0,1,0,1,0,0,0,0,0,0,-1,0,0,0,0,0,0,1,1,0,1,0,0,0,0,0
"GbCoZiJLPbI-7bu0awyoZQ",3.88235294117647,34,0,0,0,0,0,0,0,0,0,0,0,0,0,0,0,0,0,0,0,0,0,0,0,0,0,0,0,0,0,0,0,0,0,0,0,0,0,0,0,0,0,0,1,0,0,0,0,0
"R07INx4j5GakCqwp9_QujQ",3.27450980392157,51,0,0,0,0,0,1,0,0,0,0,0,0,0,0,0,0,-1,0,0,0,-1,0,1,-1,0,0,0,0,0,0,0,0,0,0,0,0,1,0,0,-1,0,0,1,0,0,0,0,0
"IErUZGwq_vF5gP6imdhpdw",4.40740740740741,54,0,0,0,0,0,0,0,0,0,0,0,0,1,0,0,0,0,0,0,0,0,0,0,0,0,0,0,0,0,0,0,0,0,0,0,0,0,0,0,1,0,0,0,0,0,0,0,0
"pWLt6ID1HiMOp9QLNeuvIQ",3.87012987012987,154,-1,-1,0,0,0,0,0,0,0,0,0,0,0,1,1,-1,0,0,1,0,0,0,0,1,0,0,0,0,0,-1,0,0,0,0,0,0,-1,1,1,-1,0,1,0,0,0,0,0,0
"ebwM2pckHieHvK6h1scuBw",3.63934426229508,122,0,0,0,0,0,0,0,0,0,0,0,0,0,0,0,0,1,1,1,0,1,0,1,0,1,0,0,-1,0,0,0,0,0,0,0,0,0,0,0,1,0,0,1,0,0,0,0,0
"9Q0qx2NbjpHYAQm_dBnL9A",3.83529411764706,85,0,0,0,0,0,0,0,0,0,0,0,0,0,1,0,0,0,0,0,0,0,0,1,1,0,0,0,0,0,0,0,0,1,0,0,0,0,0,0,0,0,0,1,0,0,0,0,0
"sYXEz38MVmg_vxe7hYTR6Q",3.40740740740741,54,0,0,0,0,0,0,0,0,0,0,0,0,0,0,0,0,1,0,0,0,-1,0,0,0,0,0,0,0,0,0,0,0,-1,0,0,0,0,0,0,0,0,0,1,0,0,0,0,0
"3fblSVANhY1YGnwGstRL8w",3.93333333333333,45,0,0,0,0,0,0,0,0,0,0,0,0,0,0,0,0,0,0,0,0,0,0,0,0,0,0,0,0,0,0,0,0,1,0,0,0,0,0,0,0,1,0,1,0,0,0,0,0
"56b2cOR7d3l-7fEnc-fGAg",3.53658536585366,41,0,0,0,0,1,0,0,0,0,0,0,0,0,1,0,1,0,0,0,0,1,0,1,0,0,0,0,0,0,0,0,0,-1,0,0,0,0,-1,1,0,0,-1,0,0,0,0,0,0
"NpRTgLWWVjSiPJzqGsyF3w",4.51612903225806,31,0,0,0,0,0,0,0,0,0,0,0,0,0,0,0,0,0,0,0,0,0,0,0,1,0,0,0,0,0,0,0,0,0,0,0,0,0,0,0,0,0,0,0,0,0,0,0,0
"k6DhMtaqcnd7DP6_yQAF1w",2.30769230769231,52,0,0,0,0,-1,0,0,0,0,0,0,0,0,0,0,0,0,0,0,0,0,0,-1,0,0,0,0,0,0,0,0,0,-1,0,0,0,0,-1,0,0,0,0,-1,0,0,0,0,0
"zpGCFAt_MydbQN4EsXee6w",4.5979381443299,194,0,0,0,0,0,0,0,0,1,0,0,0,0,0,0,0,1,0,1,0,1,0,0,0,0,0,0,0,0,0,0,0,0,0,0,0,0,0,0,0,0,0,1,0,0,0,0,0
"RZir-47R_ggOuUWuc2AiNw",3.58139534883721,43,0,1,0,0,0,0,0,0,0,0,0,0,0,0,0,0,0,0,0,0,0,0,0,0,0,0,0,0,0,0,0,0,0,0,0,0,0,-1,-1,0,0,0,1,0,0,0,0,0
"Z15a7_8FQ82_baSJiqMoIw",2.41975308641975,81,-1,0,0,1,0,-1,0,0,1,0,0,0,0,-1,0,0,0,0,-1,0,0,0,0,0,0,0,0,0,0,0,0,0,0,0,0,-1,0,0,-1,0,0,0,0,0,0,0,0,0
"796J51vX9eu6BONfDBQMzw",3.61946902654867,226,0,0,0,0,1,1,0,0,0,0,0,0,0,0,1,1,0,1,0,0,0,0,0,0,0,0,0,-1,0,0,0,0,1,0,0,-1,0,1,0,0,0,0,0,0,0,0,0,0
"EhHzL8w3iR4YpO8w6ig0Sw",4.08823529411765,34,0,0,0,0,0,0,0,0,0,0,0,0,0,0,0,0,0,0,0,0,0,0,0,1,0,0,0,0,0,1,0,0,0,0,0,-1,1,0,0,1,0,0,1,0,0,0,0,0
"N2M0WyGCyTV5jMOYPH7odA",3.80208333333333,96,1,0,0,0,0,0,0,0,1,0,0,0,0,0,0,0,0,-1,0,0,1,0,1,0,0,0,0,0,0,0,0,0,1,0,0,0,1,1,-1,0,0,0,0,0,0,0,0,0
"H4E4sZ6PKBef65hU0GKi_g",2.8962962962963,135,-1,0,0,0,0,0,0,0,0,0,1,0,0,0,0,0,0,0,-1,0,0,0,0,0,0,0,0,0,0,-1,0,0,1,0,0,0,0,-1,0,1,0,0,0,0,0,0,0,0
"zN6WBP_qr3NZp0CbBb128g",4.36206896551724,58,0,-1,0,0,0,0,0,0,0,0,0,0,0,0,0,0,0,0,0,0,1,0,0,0,0,0,0,0,0,0,0,0,1,0,0,0,0,0,0,0,0,0,1,0,0,0,0,0
"uejutOD4_-IUaY5cKkpezg",4.20960698689956,229,0,0,0,0,0,0,0,0,1,0,0,0,0,0,0,0,0,1,0,0,1,-1,0,1,0,0,0,0,0,0,0,0,0,0,0,0,1,0,0,0,1,0,1,0,0,0,0,0
"TJwMIZiGB2FA5bJvn444EA",3.85650224215247,223,1,0,0,0,0,1,0,0,0,0,0,1,0,-1,0,1,1,0,1,1,1,0,0,1,1,0,0,1,1,-1,0,0,0,0,0,0,0,0,0,0,0,0,0,0,0,0,0,0
"n_rEQNgsCOLNfMzGqFhn1g",3.2992700729927,137,0,0,0,0,0,0,0,0,0,0,0,0,0,0,0,0,0,0,0,0,0,0,0,-1,0,0,0,0,0,0,0,0,-1,0,0,0,0,0,0,0,0,0,0,0,0,0,0,0
"er56AAp9r8mEJBAhaG02Xg",4.33962264150943,53,0,0,0,0,0,0,0,0,0,0,0,0,0,0,0,1,0,0,1,0,0,0,1,0,0,0,0,0,0,0,0,0,0,0,0,0,0,0,-1,0,0,0,1,0,0,0,0,0
"kR1wadS21BaVm1n_5BXOsg",4.66666666666667,30,0,0,0,0,0,0,0,0,0,0,0,0,0,0,0,0,0,0,0,0,0,0,0,0,0,0,0,0,0,0,0,0,1,0,0,0,0,0,0,0,0,0,1,0,0,0,0,0
"pqJ_L-7WC2pDdUa2GLDwRQ",4.65454545454545,55,0,1,0,0,0,1,0,0,0,0,0,0,0,0,0,0,0,0,0,0,0,0,1,0,0,0,0,0,-1,1,0,0,0,0,0,0,0,0,0,0,0,0,1,0,0,0,0,0
"wPe9XUIN2vavKk_CtqVtEQ",3.45652173913043,46,0,0,0,0,0,0,0,0,0,0,0,0,0,0,0,1,1,0,0,0,1,0,-1,0,0,0,0,0,0,0,0,0,0,0,0,0,0,0,1,0,0,0,1,0,0,0,0,0
"19fdSca3MUoaGFNX2BrjTQ",4.77678571428571,112,0,0,0,0,0,0,0,0,0,0,0,0,0,0,0,0,0,0,0,0,1,0,1,0,0,1,0,0,0,0,0,0,0,0,0,0,0,0,0,1,0,0,1,0,0,0,0,0
"wEhtqcfrhVbg4--3DNUSZw",2.35294117647059,102,-1,0,0,0,0,0,0,0,-1,0,0,0,0,0,0,0,0,0,0,0,0,0,-1,0,0,0,0,0,0,0,0,0,0,0,0,0,0,-1,0,0,0,0,0,0,0,0,0,0
"Y3vtXQz3zPc5AVyUAsAj5Q",3.76325088339223,283,0,0,0,0,0,0,0,0,0,0,0,0,0,0,0,1,0,0,1,0,0,0,0,-1,0,0,0,0,0,0,0,0,-1,0,0,0,0,0,1,0,0,0,1,0,0,0,0,0
"PmYZ85Nt3-kKe6iqFkImTw",3.95384615384615,65,1,0,0,0,0,0,0,0,0,0,0,0,0,0,0,0,0,0,1,0,1,0,0,-1,0,0,0,0,0,0,0,0,0,0,0,0,0,0,0,0,0,0,0,0,0,0,0,0
"B2S7o3tImoCPrDVvJikVpw",3.21153846153846,52,0,0,0,0,0,-1,0,0,-1,0,0,0,0,0,0,0,0,0,0,0,0,0,0,0,-1,0,0,0,0,0,0,0,0,0,0,0,0,-1,0,0,0,0,0,0,0,0,0,0
"rLyJUCwMM1POt7RnFnSASg",4.02068965517241,145,1,0,0,0,0,-1,0,0,0,0,0,0,0,0,0,0,-1,1,0,1,1,1,0,1,1,0,0,0,0,0,0,0,1,0,0,0,0,1,1,0,1,0,1,0,0,0,0,0
"DjNdyATYYyHexZuUy54g2A",2.65714285714286,140,0,0,0,1,0,0,0,-1,0,0,0,0,0,-1,0,-1,0,1,0,0,0,0,0,0,0,0,0,0,0,0,0,0,-1,0,0,0,0,-1,0,-1,0,0,0,0,0,0,0,0
"dhBAQJLKPCI7nm3x0WjXTw",4,94,1,0,0,1,0,0,0,0,0,0,0,0,0,0,0,1,1,0,0,1,0,0,0,0,0,0,0,0,0,0,0,0,1,0,0,0,0,0,1,-1,0,0,0,0,0,0,0,0
"0DaSqjKtm8JJEv2nmL4cgw",3.27647058823529,170,-1,-1,0,0,0,0,0,0,1,0,0,0,0,0,0,0,0,0,0,0,0,0,0,0,0,0,0,0,0,0,0,0,1,0,0,0,0,1,1,0,0,0,0,0,0,0,0,0
"ur3FZlizds6D73-1YOCtxA",4.08695652173913,115,0,0,0,0,0,0,0,0,-1,0,0,0,0,0,0,0,0,0,0,0,1,0,1,0,0,0,0,0,0,0,0,0,0,0,0,0,0,1,0,0,0,0,1,0,0,0,0,0
"Gdp2OKeeP9IPFmdWTdqVMQ",4.43243243243243,37,0,0,0,0,0,0,0,0,0,0,0,0,0,0,0,0,0,0,0,0,0,0,0,0,0,0,1,0,0,0,0,0,0,0,0,0,0,0,0,0,0,0,1,0,0,0,0,0
"WxtjFPaPK1WGBHGQhq2bBA",3.68131868131868,91,0,0,0,0,1,1,0,0,0,0,0,-1,0,1,0,0,0,1,0,0,1,0,0,1,0,0,0,0,0,0,0,0,0,0,0,0,-1,0,0,0,0,0,0,0,0,0,0,0
"8urzIDhe73N3NQ8slm1Ngg",4.07692307692308,52,0,0,0,0,0,0,0,0,0,0,0,0,0,0,0,0,0,0,0,0,0,0,0,0,0,0,0,0,0,0,0,0,0,0,0,0,0,0,0,0,0,-1,0,0,0,0,0,0
"9VHUX0dDUTZbKPCMSjdqNQ",4.26315789473684,38,0,0,0,0,0,1,0,0,1,0,0,1,0,0,1,0,0,0,0,0,0,0,0,1,0,0,0,0,0,0,0,0,-1,0,0,0,0,0,0,0,0,0,1,0,0,0,0,0
"0rrSv3p1SngSYmyNEvWZVw",3.77551020408163,49,0,0,0,0,1,1,0,0,1,0,0,0,0,0,0,1,0,0,0,0,1,0,-1,1,1,0,0,0,0,0,0,0,0,0,0,0,1,-1,1,0,0,0,1,0,0,0,0,0
"_UCTo0560t8IyOq7TwJIUw",3.73255813953488,86,1,0,0,0,0,0,0,0,0,0,0,1,0,0,0,0,1,1,1,1,0,0,0,0,1,0,0,1,-1,0,0,0,0,0,0,0,1,-1,1,0,0,0,1,0,0,0,0,0
"tvXOFflGUCGSSzcxrpVBsA",3.703125,64,0,0,0,0,1,-1,0,-1,1,0,0,0,0,0,1,0,0,0,0,0,1,0,0,1,0,0,0,0,0,0,0,0,0,0,0,0,0,1,0,0,0,0,0,0,0,0,0,0
"IjNM79iEFyOhh2r-C9rS9Q",3.3695652173913,46,0,0,0,0,0,0,0,0,0,0,0,0,0,0,0,0,0,0,0,0,0,0,0,0,0,0,0,0,0,0,0,0,-1,0,0,0,0,0,0,0,0,0,1,0,0,0,0,0
"3qUM5BxoyZ6BayMmhWJAXg",2.8974358974359,39,1,0,0,1,1,0,0,0,0,0,0,0,0,0,1,0,0,0,0,0,0,0,0,0,0,0,0,0,0,0,0,0,-1,0,0,0,0,0,0,0,0,0,0,0,0,0,0,0
"9ePd14ukO4iwaKRcU9OSTw",2.77884615384615,104,0,0,0,0,0,0,0,0,0,0,0,0,0,0,0,0,0,0,0,0,0,-1,0,-1,0,0,0,0,0,0,0,0,-1,0,0,0,0,0,0,0,0,0,0,0,0,0,0,0
"NOdSt1Ku8s272TIT9TNzgA",2.29906542056075,107,0,0,0,0,0,-1,0,0,0,0,0,0,0,0,0,0,0,0,0,1,0,0,-1,1,-1,0,0,0,0,0,0,0,1,0,0,0,0,0,-1,-1,0,0,0,0,0,0,0,0
"Y_WNd6vSY55dti7mJoqvBA",4.02941176470588,34,1,0,-1,0,1,1,0,0,1,0,0,1,0,0,0,0,0,0,0,0,0,0,1,0,0,0,0,0,0,0,0,0,0,0,0,0,0,0,0,0,0,0,0,0,0,0,0,0
"hMau0Nt6zH_FyofkFI7Emw",3.81081081081081,37,0,0,0,0,0,0,0,0,0,0,1,0,0,0,0,0,0,0,0,0,0,0,0,0,0,0,0,0,0,0,0,0,0,0,0,0,0,0,0,0,0,-1,0,0,0,0,0,0
"Buko5LgWKnOen39NcoKHdQ",2.85454545454545,55,1,0,0,0,-1,0,0,0,0,0,0,0,0,0,0,0,0,0,0,0,0,0,1,0,1,0,0,0,0,0,0,0,1,0,0,0,0,1,-1,0,0,0,0,0,0,0,0,0
"n96Mm9eTM1MGOH-af1Eu0A",4.29090909090909,55,0,0,0,0,1,0,0,0,1,0,1,0,0,0,0,0,1,0,0,0,0,0,0,0,1,0,0,1,0,0,0,0,0,0,0,0,-1,1,0,0,0,0,0,0,0,0,0,0
"NsWc7zJG5PN_frYqMOa9mQ",3.15873015873016,63,-1,-1,0,0,0,0,0,0,0,0,0,0,0,0,0,0,0,0,0,0,0,0,-1,0,0,0,0,0,0,0,0,0,0,0,0,0,0,-1,0,0,0,0,1,0,0,0,0,0
"SVh3dQ62oXkL6MHPjQh8Tw",3,37,0,0,1,0,0,0,0,0,0,0,0,0,0,0,0,1,-1,0,0,0,0,0,0,0,0,0,0,0,0,0,0,0,-1,0,0,0,0,0,0,1,0,0,0,0,0,0,0,0
"C03ntpeOXOpuNz7ET9sxjw",2.87179487179487,78,1,0,0,0,0,0,0,0,0,0,0,0,0,0,0,0,0,0,1,0,-1,0,0,-1,0,0,0,0,0,0,0,0,0,0,0,1,0,0,0,0,0,0,0,0,0,0,0,0
"1BA2oRodZxFPZCfF-3gPKg",3.48571428571429,35,0,0,0,0,0,0,0,0,0,0,0,0,0,0,0,0,0,0,0,0,0,0,0,0,0,0,0,0,0,0,0,0,1,0,0,0,0,0,0,0,0,0,0,0,0,0,0,0
"vcVgncax_tbfhMckX1m36w",4.77272727272727,88,0,0,0,0,0,0,0,0,0,0,0,0,0,0,0,0,-1,0,0,0,1,0,1,0,0,0,0,0,0,0,0,0,0,0,0,0,0,0,0,0,0,0,1,0,0,0,0,0
"Qh8EERpaVfgYRCnvxCtk7g",2.74038461538462,104,1,0,0,0,1,0,0,0,-1,0,0,-1,0,0,0,-1,1,0,0,0,1,0,0,0,0,0,0,0,0,0,0,0,0,0,0,0,0,1,0,1,0,-1,0,0,0,0,0,0
"6HMwB2wCKezd7aKzQd5asA",3.00763358778626,131,0,0,1,0,0,0,0,0,0,0,0,0,0,0,0,0,0,0,0,0,-1,0,0,1,0,0,0,0,0,0,0,0,0,0,0,0,-1,-1,0,0,0,0,1,0,0,0,0,0
"0v984vlPQfb4VZWvBJSsfg",2.98275862068966,58,0,0,1,0,0,1,0,0,1,0,0,0,0,0,0,0,1,1,1,0,1,1,0,-1,0,0,0,0,0,0,0,0,1,0,0,1,1,-1,1,0,0,0,0,0,0,0,0,0
"SzxOy1hNMGeZPnhzbhMSog",4.02702702702703,37,0,0,0,0,0,0,0,-1,1,0,-1,0,0,0,0,0,1,1,1,0,0,0,0,1,1,0,0,0,0,0,0,0,1,0,0,0,0,0,1,0,0,0,1,0,0,0,0,0
"Y84fM25GsIWfS7E0dMIKDQ",3.57352941176471,68,0,0,0,-1,1,1,0,-1,0,0,0,0,0,0,0,0,0,0,0,0,0,0,0,0,0,0,0,0,0,0,0,0,0,0,0,0,0,1,-1,0,0,0,0,0,0,0,0,0
"o2O4qWlo4O0aI5oEZsUHBQ",3.33116883116883,154,0,0,0,0,0,0,0,0,0,0,0,0,0,0,0,1,0,0,0,0,0,0,0,0,1,0,0,0,0,0,0,0,0,0,-1,0,1,0,1,0,0,-1,0,0,0,0,0,0
"ZwYhFeyU7H8196rPQYmLUg",4.03846153846154,52,0,0,0,1,0,0,0,0,1,0,0,0,0,0,0,0,0,0,1,0,0,0,0,1,0,0,0,0,0,0,0,0,0,0,0,0,0,0,0,0,0,0,0,0,0,0,0,0
"3b14ebd1k9y7VJbp5hC0gg",3.77173913043478,276,0,-1,0,0,0,0,0,0,1,0,0,0,0,1,0,0,0,1,1,0,0,0,0,0,0,0,0,0,0,0,0,0,0,0,0,0,0,1,0,0,0,0,1,0,0,0,0,0
"CfeI-Qy1KzQV4vAdvLNY7g",4.30882352941176,68,0,0,0,0,0,0,0,0,0,0,0,0,0,0,0,0,0,0,0,0,0,0,0,1,0,0,0,0,0,0,0,0,0,0,0,0,0,0,0,0,1,0,1,0,0,0,0,0
"a5iI_Lwuprw1Yk-ug6oK5Q",3.42307692307692,78,0,0,0,0,0,0,0,0,0,0,0,0,0,0,0,0,0,0,0,0,0,0,0,0,0,0,0,0,0,0,0,0,1,0,0,0,0,0,0,0,0,-1,1,0,0,0,0,0
"Sni1LOEOs-mYUzLwl1qZWw",2.32075471698113,53,0,0,0,0,0,0,0,0,0,0,0,0,0,0,0,0,0,0,0,0,0,0,0,-1,1,0,0,0,0,0,0,0,0,0,0,0,0,0,1,1,0,0,-1,0,0,0,0,0
"wcFscp4-QH0PJeIW1EOQEQ",3.03333333333333,60,-1,0,0,0,0,0,0,0,-1,0,0,0,0,0,0,1,1,0,0,0,1,0,0,1,0,0,0,0,0,0,0,0,1,0,0,0,0,0,-1,0,0,0,1,0,0,0,0,0
"R_epGBO7Cr1M0Ftc0JKV7w",3.44715447154472,123,0,1,0,0,0,1,0,0,0,0,0,0,0,0,0,0,0,1,0,0,1,0,0,0,0,0,0,0,0,0,0,0,1,0,0,0,1,0,-1,0,0,0,1,0,0,0,0,0
"pnzETCn0-3ty_EVsgLtO_g",3.35593220338983,59,0,1,0,0,-1,0,0,0,0,0,0,0,0,0,0,0,0,1,0,0,0,0,0,1,0,0,-1,0,0,0,-1,0,0,0,0,0,0,1,1,0,0,0,0,0,0,0,0,0
"aK99fvGIg1N3QY2JeoUM2g",4.15789473684211,38,0,0,0,0,0,0,0,0,0,0,0,0,0,0,0,0,0,0,0,0,0,0,0,1,1,0,0,0,0,0,0,0,1,0,0,0,0,0,0,0,0,0,0,0,0,0,0,0
"mQCT1psNh2pJT38ohSQDHA",3.76190476190476,126,0,0,0,0,0,0,0,0,0,0,0,0,0,0,0,1,0,0,-1,0,0,0,1,1,0,0,0,0,0,0,0,0,0,0,0,0,0,0,0,0,0,-1,1,0,0,0,0,0
"79L6mkSIhTdBqooWwc0Wrw",3.27272727272727,55,0,0,0,0,0,-1,0,0,0,0,0,0,0,0,0,0,0,0,0,0,0,0,0,0,0,0,0,0,0,0,0,0,0,0,0,-1,0,0,0,0,0,0,1,0,0,0,0,0
"91VUQhU9fyV-usA7aeN6mA",3.53333333333333,45,0,0,0,0,0,0,0,0,1,0,0,0,0,0,0,0,0,1,0,0,1,0,1,0,0,0,0,0,0,0,0,0,1,0,0,0,0,0,0,0,0,0,1,0,0,0,0,0
"_OHueDLGKKhKcclI6tyRAA",4.18918918918919,37,0,0,0,0,0,0,0,-1,0,0,-1,0,0,0,0,0,0,0,0,0,0,0,0,1,0,0,0,0,0,0,0,0,0,0,0,0,0,0,1,0,0,0,1,0,0,0,0,0
"gXYevYIEOvyrmc7gd35qrg",4.43636363636364,55,0,0,0,0,0,0,0,0,0,0,0,-1,0,0,0,0,1,0,0,0,0,0,1,0,0,0,0,0,0,-1,0,0,-1,0,-1,0,0,0,0,0,0,0,1,0,0,0,0,0
"p3mKiOzfE2SyhggP8MBUQQ",3.68888888888889,45,0,0,0,0,0,0,0,0,0,0,0,0,0,0,0,0,-1,0,1,0,0,0,0,0,1,0,0,0,0,0,0,0,-1,0,0,0,0,0,0,-1,0,0,0,0,0,0,0,0
"9FuAdp2UiFyaWPlAmT7C1A",4.32258064516129,62,0,0,0,0,0,0,0,0,0,0,0,0,0,0,0,0,0,0,0,0,1,0,0,0,0,0,0,0,0,0,0,0,0,0,0,0,0,0,0,1,0,0,0,0,0,0,0,0
"gMYbry72EOH-6A8FQFIm5w",4.46666666666667,45,0,0,0,0,0,0,0,0,0,0,0,0,0,0,0,0,0,0,0,0,0,0,0,0,0,0,0,0,0,0,0,0,1,0,0,0,0,0,0,0,0,0,1,0,0,0,0,0
"ZEW2tHdcRuwKZv8oXY4rCA",4.20408163265306,49,0,0,0,0,0,1,0,0,1,0,0,0,0,1,1,0,0,0,0,0,1,0,0,0,0,0,0,1,0,0,0,0,0,0,0,0,0,1,-1,1,0,0,0,0,0,0,0,0
"MkjEpBea6sArBdK8za8MIQ",2.859375,64,0,1,0,0,0,-1,0,0,0,0,0,-1,0,0,0,0,1,0,0,0,-1,0,-1,0,1,0,0,0,0,0,0,0,1,0,0,0,0,0,1,-1,0,0,0,0,0,0,0,0
"0lCj9kOOyfpbbnc5VZglRQ",3.79,100,0,0,0,0,0,0,0,0,0,0,0,0,0,-1,0,0,0,0,0,0,0,0,0,1,0,0,0,0,0,0,0,0,1,0,0,0,0,0,0,1,0,0,1,0,0,0,0,0
"OhcNR81DiJI9ajhk2oBtnA",4.18390804597701,87,0,0,0,0,0,0,0,0,0,0,0,0,0,0,0,1,1,0,1,0,1,0,1,1,1,0,0,0,0,0,0,0,0,0,0,0,0,0,-1,0,0,0,1,0,0,0,0,0
"F5hWxFlXpidnq7_7DMU54g",3.61290322580645,31,0,0,0,0,0,0,0,0,0,0,0,0,0,0,0,0,0,0,0,0,0,0,0,-1,0,0,0,0,0,0,0,0,1,0,0,0,0,0,-1,0,0,0,1,0,0,0,0,0
"_ABVTPkUnbCWgBmakmKXMw",4.28070175438596,57,0,0,0,0,0,0,0,0,1,0,-1,0,0,0,0,0,0,0,1,0,0,0,0,0,0,0,0,0,0,0,0,0,1,0,0,0,0,0,0,0,0,0,0,0,0,0,0,0
"QUwzjNeegM1543YLphMb9w",2.72549019607843,51,0,0,0,0,0,0,0,0,0,0,0,0,0,0,0,0,0,0,0,0,0,0,0,0,0,0,0,-1,0,-1,0,0,0,0,0,0,0,0,1,0,0,0,0,0,0,0,0,0
"pWD-7GmdEJWBWxEk8QMOGw",3.15454545454545,110,0,-1,0,0,0,0,0,0,0,0,0,0,0,0,0,0,0,0,0,0,0,-1,0,0,0,0,0,0,0,0,0,0,0,0,0,0,0,0,0,0,1,0,1,0,0,0,0,0
"Oq76C1wZosdT0ZrA3dJPxQ",3.32758620689655,58,0,0,0,0,0,0,0,0,0,0,0,0,0,0,0,1,-1,0,0,0,-1,0,0,0,0,0,0,0,0,0,0,0,0,0,0,0,0,-1,0,0,0,0,1,0,0,0,0,0
"gU9_PUEdOOoBaSM49SRObg",4.16483516483517,91,1,0,0,0,0,0,0,0,0,0,1,0,0,0,0,0,0,-1,0,0,1,0,0,1,0,0,0,0,0,0,0,0,1,0,0,0,0,1,0,1,0,1,1,0,0,0,0,0
"sN4x4DszRsD4LkV3HEm44g",3.38888888888889,72,0,0,0,0,0,0,0,0,0,0,-1,0,0,-1,0,1,0,-1,1,0,0,0,0,1,0,0,0,0,0,0,0,0,1,0,0,0,-1,0,0,0,0,0,0,0,0,0,0,0
"EHhI07dgKDyMcGIRbz7YNA",4,72,1,0,1,0,0,1,0,0,1,0,0,0,0,0,0,0,1,1,1,1,1,1,0,-1,1,0,1,0,0,0,0,0,0,0,0,0,1,0,1,0,0,0,1,0,0,0,0,0
"2j78b8m1w4Sr2GVGCzFBtQ",3.89400921658986,217,0,0,0,0,0,0,0,0,0,0,0,0,0,0,0,0,0,0,0,0,0,0,0,1,0,0,0,1,0,0,1,0,0,0,1,1,0,0,1,0,0,0,1,0,0,0,0,0
"WUiDaFQRZ8wKYGLvmjFjAw",3.25301204819277,83,0,0,0,0,1,0,0,0,0,0,0,0,0,0,0,1,1,0,0,0,-1,0,0,0,0,0,1,1,0,0,0,0,1,0,0,0,0,1,0,0,0,0,0,0,0,0,0,0
"VMDOFvE1rbDC5NPui2s-sA",3.49019607843137,51,0,0,0,0,0,0,0,0,0,0,0,0,0,0,0,0,0,0,1,0,0,0,0,1,0,0,0,0,0,0,0,0,0,0,0,0,0,0,1,0,0,0,1,0,0,0,0,0
"5PyqkF8zZbfgFDyAcLUehQ",3.46067415730337,89,0,0,0,0,-1,-1,0,0,0,0,0,0,-1,0,0,0,0,0,0,0,0,0,0,0,0,0,0,0,0,0,0,0,0,0,0,0,0,0,-1,0,0,0,0,0,0,0,0,0
"KoYooLJpjWKQoHJkF3fsGA",3.03614457831325,83,0,0,0,0,0,0,0,0,0,0,0,0,0,0,0,0,0,0,0,0,0,0,-1,-1,0,0,0,0,0,0,0,0,-1,0,0,0,0,-1,1,0,0,0,0,0,0,0,0,0
"dmT3MwT3_IILWZDxYnN1Ug",3.49019607843137,51,0,0,0,0,0,0,0,0,0,0,0,0,0,0,0,0,0,-1,0,0,-1,0,0,0,0,0,0,0,0,0,0,0,-1,0,0,0,0,0,0,0,0,0,1,0,0,0,0,0
"LScYNYAA78iQL6pWOqt-WQ",4.02325581395349,86,0,0,0,0,0,0,0,0,0,0,0,0,0,0,0,0,0,0,0,0,0,0,0,0,1,0,0,0,0,0,0,0,1,0,0,0,0,0,0,0,0,0,1,0,0,0,0,0
"cWZgqO5H-qYuCz-BjDUB7Q",2.7027027027027,37,1,1,0,0,0,0,0,0,0,0,0,1,0,0,0,0,0,0,0,0,0,0,0,0,0,0,0,0,0,0,0,0,0,0,0,0,0,0,1,0,0,0,0,0,0,0,0,0
"g-BuoRJi5LOki0_rSWK2BA",3.71621621621622,74,0,0,0,0,0,0,0,0,1,0,0,0,0,0,0,1,0,0,0,0,1,0,0,0,1,0,0,0,0,0,0,0,0,0,0,0,1,0,1,0,0,0,1,0,0,0,0,0
"Oz90Z2HDQOTrAHdFhFUZ_g",4.16,50,0,-1,0,0,0,0,0,0,-1,0,0,0,0,-1,0,0,0,0,0,0,0,0,0,0,0,0,0,0,0,0,0,0,1,0,0,0,0,0,0,0,0,0,1,0,0,0,0,0
"CV05rBOr5DdDGvxUZkRFmg",3.45,100,0,0,0,0,0,0,0,0,1,0,-1,0,0,0,0,0,1,0,0,0,1,0,0,0,1,0,0,1,0,0,0,0,1,0,0,0,0,1,0,0,0,0,0,0,0,0,0,0
"Avf-PGE8lkDY1jkRSUZErw",3.75257731958763,97,1,0,0,0,1,0,0,0,0,0,1,0,0,0,0,1,0,1,0,0,1,0,1,1,0,0,0,0,0,0,0,0,0,0,0,0,0,0,1,0,0,0,1,0,0,0,0,0
"dEWd47EsnyObTAubP_jjig",3.62903225806452,62,0,0,0,0,0,0,0,0,0,0,0,0,0,0,0,0,0,0,0,0,0,0,0,0,1,0,0,0,0,0,0,0,0,0,0,0,0,0,0,-1,0,0,1,0,0,0,0,0
"tnQdyQZSNpjue1XsOEnISQ",4.02298850574713,87,1,1,1,0,0,0,0,0,0,0,1,0,0,0,0,1,0,0,0,0,1,0,0,0,0,0,0,0,1,0,0,0,1,0,0,0,0,1,1,0,0,0,1,0,0,0,0,0
"WZ8SqpOwBdLHXfRuj6xKsQ",3.92105263157895,38,0,0,0,0,0,0,0,0,0,0,0,0,0,0,0,0,0,0,0,0,0,0,0,0,0,0,0,0,0,0,0,0,0,0,0,0,0,0,0,0,0,0,1,0,0,0,0,0
"gp9nRRCpwsUrJxFFrvObmg",3.64077669902913,103,0,0,0,0,1,0,0,0,0,0,0,1,0,0,0,1,0,0,0,0,1,0,1,1,0,0,0,0,0,0,0,0,0,0,0,0,1,0,1,0,0,0,1,0,0,0,0,0
"PHhZy5zYULNF-oz-2Jz9KA",3.09053497942387,243,0,0,0,0,0,1,0,0,0,0,0,0,0,1,0,0,-1,1,1,0,0,0,1,1,1,0,0,0,0,0,0,0,0,0,0,0,0,1,0,1,0,0,0,0,0,0,0,0
"YzTafk0tQ-nAu1oICuuNFw",3.51515151515152,99,0,0,0,0,0,0,0,0,0,0,0,0,0,1,0,0,-1,0,0,0,-1,0,1,0,0,0,0,0,0,0,0,0,-1,0,0,0,0,1,-1,0,0,0,1,0,0,0,0,0
"RAKSBqeNb-p_ZABwAWH_jA",3.6952380952381,105,0,0,0,0,0,0,0,0,0,0,0,0,0,0,0,0,0,0,0,0,0,0,0,0,0,0,0,0,0,0,0,0,0,0,0,0,0,0,1,0,0,0,1,0,0,0,0,0
"VWJ5ek9uX-VFsD9Tiy2Njw",3.2,80,0,0,0,0,0,0,0,0,0,0,0,0,0,0,0,0,-1,0,0,0,0,0,1,1,0,0,0,0,0,0,0,0,0,0,0,0,0,1,0,1,0,0,0,0,0,0,0,0
"vNllp243LmFMVO0MNyhM1A",2.62666666666667,75,0,0,0,0,0,1,0,0,0,0,0,-1,0,0,0,0,0,0,1,0,0,0,0,0,0,0,0,0,0,0,0,0,0,0,0,0,-1,1,0,-1,0,-1,0,0,0,0,0,0
"FamLURgBX-ICQBC3VzrFBg",3.53488372093023,43,1,1,0,0,0,0,0,0,0,0,0,0,0,0,0,0,0,0,0,0,0,0,0,0,0,0,0,0,0,0,0,0,0,0,0,0,0,0,0,0,0,0,1,0,0,0,0,0
"DtNxNpyxy2ctvxpg-LCS_w",3.88095238095238,42,0,0,0,-1,0,0,0,0,-1,0,0,0,0,0,0,0,0,0,0,0,0,0,0,1,0,0,0,0,0,0,0,0,-1,0,0,0,0,0,0,0,0,0,-1,0,0,0,0,0
"CA9DW-u62WT8Ds2ZDUvNNw",2.39285714285714,56,0,-1,0,0,0,1,0,-1,-1,0,0,-1,0,-1,0,-1,-1,-1,0,0,-1,0,-1,0,-1,0,0,0,0,0,0,0,-1,0,0,0,-1,-1,0,-1,0,0,-1,0,0,0,0,0
"BmQk1ziIyRTBa3N8QmztsA",3.6,50,0,1,0,0,0,0,0,0,1,0,0,0,0,0,0,1,0,1,1,0,-1,1,-1,1,1,0,0,0,0,0,0,0,-1,0,0,0,-1,1,0,0,0,0,0,0,0,0,0,0
"FTKxYJj7d5u3GiEHG5cQSQ",1.99435028248588,177,0,-1,0,-1,0,0,0,-1,0,0,0,-1,0,0,0,-1,0,1,-1,0,0,0,0,0,-1,0,0,0,0,1,0,0,0,0,0,0,0,-1,0,1,0,0,1,0,0,0,0,0
"7GGnf6a8PkHg8niFWeLn5g",3.625,32,0,0,0,0,0,0,0,0,-1,0,0,0,0,0,0,0,0,0,0,0,1,0,-1,0,1,0,0,0,0,0,0,0,0,0,0,0,0,1,0,0,0,0,0,0,0,0,0,0
"FhwytOHcfsnYM4p1rInjZQ",3.72727272727273,33,0,1,0,0,1,0,0,0,0,0,0,0,0,0,0,1,0,1,0,0,0,0,0,1,0,0,0,0,0,0,0,0,0,0,0,0,0,0,1,0,0,0,1,0,0,0,0,0
"nzgmxdQWDQnsub2SwZH3aQ",3,77,0,0,0,0,0,-1,0,0,0,0,0,0,0,-1,0,-1,1,0,-1,0,0,0,-1,0,0,0,0,0,0,0,0,0,0,0,0,0,0,0,0,0,0,-1,0,0,0,0,0,0
"8Z72HW5ydzQFydUxZglurg",3.59574468085106,94,0,0,0,0,0,0,0,0,0,0,0,0,0,0,0,0,0,0,0,-1,0,0,0,0,-1,0,0,0,0,0,0,0,0,0,0,0,0,0,1,1,0,0,0,0,0,0,0,0
"ZV89e6dYFymcBAUmRzKGwA",3.78947368421053,95,0,0,0,0,0,0,0,0,0,0,0,0,0,0,0,1,1,0,1,0,1,0,0,0,0,0,0,0,0,0,0,0,1,0,0,0,0,0,-1,0,1,0,1,0,0,0,0,0
"eqLnu2upLynB4UGohc6KEQ",3.8989898989899,99,1,0,0,0,1,1,0,0,0,0,1,0,0,1,0,0,1,0,0,0,1,0,1,0,1,0,0,0,0,0,0,0,0,0,0,0,0,1,0,0,0,0,1,0,0,0,0,0
"3rlp1xCKSxF1-wGTyMxCZw",3.33333333333333,33,0,0,0,0,1,1,0,0,1,0,0,0,0,0,0,1,0,0,0,0,0,0,0,0,0,0,0,0,0,0,0,0,0,0,0,0,0,0,1,0,0,0,0,0,0,0,0,0
"gxy5B_IhNpRFqobsffO0Tw",3.6875,32,1,0,0,0,1,0,0,0,1,0,1,0,0,0,0,0,0,0,0,0,0,0,-1,1,0,0,0,0,0,1,0,0,0,0,0,0,0,-1,1,0,0,0,1,0,0,0,0,0
"_GxLAJO1TgU7UKY9cMad9Q",2.42222222222222,45,0,0,0,-1,0,0,0,0,0,0,0,0,0,0,0,1,0,0,0,0,0,0,0,0,0,0,0,0,0,0,0,0,0,0,0,0,0,0,1,0,0,0,0,0,0,0,0,0
"WAZN1Q8oJFHlIUzxWduzfA",4.04255319148936,47,0,0,0,0,1,0,0,0,-1,0,0,0,0,-1,0,-1,1,1,1,0,0,0,0,-1,0,0,0,0,0,0,0,0,-1,0,0,0,0,0,-1,0,0,0,0,0,0,0,0,0
"7qhPK-ubBkYRv0Qs9sd4kw",2.4468085106383,47,1,0,0,0,0,1,0,0,0,0,0,0,0,-1,0,1,0,0,0,0,1,0,0,-1,0,0,0,0,0,0,0,0,0,0,0,1,0,-1,1,0,0,0,0,0,0,0,0,0
"kNa3FvRAhM2oKYFoilVDzQ",4.4020618556701,194,0,1,0,0,0,0,0,0,-1,0,0,0,0,1,0,0,1,0,0,0,1,0,1,1,1,0,0,0,0,0,0,0,1,0,1,0,-1,1,0,1,0,0,1,0,0,0,0,0
"Mtx3hL9V4lx4I04vrDTWJA",4.45945945945946,37,0,0,0,0,0,0,0,0,0,0,0,0,0,0,0,0,0,1,0,0,0,0,-1,0,0,0,0,0,0,0,0,0,0,0,0,0,0,0,0,0,0,0,1,0,0,0,0,0
"ZdFl7MqnF09dcifG1j7l_w",1.45762711864407,59,0,-1,0,-1,0,0,0,0,-1,0,0,0,0,0,0,0,1,1,-1,0,-1,0,0,0,0,0,0,0,0,0,0,0,0,0,0,0,0,1,0,0,0,0,-1,0,0,0,0,0
"DublKfLa9Y0PguCryoDJ-Q",3.15116279069767,86,0,0,0,1,0,0,0,0,-1,0,0,0,0,-1,0,0,1,0,0,0,0,1,0,0,1,0,0,1,0,0,0,0,-1,0,0,1,0,1,0,0,0,0,0,0,0,0,0,0
"1a9LZNq6qtfzIr24ERDhzw",3.43243243243243,37,0,0,0,0,1,0,0,0,-1,0,0,0,0,0,-1,0,0,0,1,0,1,0,-1,0,0,0,0,0,0,0,0,0,0,0,0,0,0,0,0,0,0,0,0,0,0,0,0,0
"0jMWCioUATOJgMpsPTyC7g",3.26315789473684,57,0,0,0,0,0,0,0,0,0,0,0,0,0,0,0,1,1,0,0,0,0,0,1,0,1,0,0,1,0,0,0,0,0,0,0,0,0,0,0,1,0,0,1,0,0,0,0,0
"dfEtXJeaHdaK7lufX1QCSA",3.92307692307692,39,0,0,0,0,0,0,0,0,0,0,0,0,0,0,0,0,0,0,0,0,0,0,0,1,0,0,1,1,0,0,0,0,1,0,0,1,0,0,0,1,0,0,0,0,0,0,0,0
"XHrdHR8lPP6VKQVnMUdlhw",4.62857142857143,35,0,0,0,1,0,0,0,0,0,0,0,0,0,0,0,1,0,1,1,1,0,0,1,1,0,0,0,0,0,0,0,0,0,0,0,0,0,0,0,0,0,0,1,0,0,0,0,0
"YVt-Da2CplTzqLKu8JFD9A",4.66,50,0,0,0,0,0,0,0,0,0,0,0,0,0,0,0,0,0,0,0,0,0,0,0,0,0,0,0,0,0,0,0,0,0,0,0,0,0,0,0,0,0,0,0,0,0,0,0,0
"ckycv0GfCz-Ye2V09BFl8Q",4.30188679245283,53,0,0,0,0,0,0,0,0,0,0,0,0,1,0,0,0,0,0,0,0,0,0,1,0,0,0,0,0,0,0,0,0,0,0,0,0,0,0,0,0,0,0,0,0,0,0,0,0
"vgc-XO64Uw7otc3sxmns1A",3.36781609195402,87,0,0,0,0,0,0,0,0,0,0,0,0,0,0,0,0,0,-1,-1,0,-1,-1,0,0,0,0,0,0,0,0,0,0,-1,0,0,0,0,0,1,0,0,0,1,0,0,0,0,0
"dFzfm4m8D_WgA2UAkzpLXg",3.23076923076923,78,0,0,0,0,0,0,0,0,0,0,0,0,0,0,0,0,0,0,0,0,0,0,0,0,0,0,0,0,0,0,0,0,0,0,0,0,0,0,0,0,0,0,1,0,0,0,0,0
"9wgtfID8mrrd0-oeDpq7Hw",4.27536231884058,69,0,0,1,1,0,0,0,0,0,0,0,0,0,1,0,1,0,0,1,0,0,0,0,0,0,0,0,0,0,0,0,0,0,0,0,0,0,1,0,1,0,0,1,0,0,0,0,0
"EoGCJ6Ff8VwF0hPg6zaOcA",3.1875,32,0,1,0,0,0,0,0,0,1,0,0,0,0,0,0,0,0,0,1,0,0,0,0,1,0,0,0,0,0,0,0,0,0,0,0,0,0,0,1,-1,0,0,0,0,0,0,0,0
"pel5oJrZ4AT6xTv0L1wy7Q",4.48648648648649,37,0,0,0,0,0,0,0,0,0,0,0,0,0,0,0,0,0,0,0,0,0,0,0,1,0,0,0,0,0,0,0,0,0,0,0,0,0,0,0,0,0,0,1,0,0,0,0,0
"I4c6K29bATfpMaM6uViLRQ",2.5,42,-1,0,0,0,-1,0,0,0,-1,0,0,0,0,1,0,0,0,0,0,0,0,0,0,0,0,0,0,0,0,0,0,0,0,0,0,0,0,0,-1,0,0,0,-1,0,0,0,0,0
"WhYgyJ1hTJCUhfzsF7URnw",4.49019607843137,51,1,0,0,0,0,0,0,0,0,0,0,0,1,0,0,1,0,0,0,0,0,0,1,0,0,0,0,0,0,0,0,0,0,0,0,0,0,0,0,0,0,0,0,0,0,0,0,0
"f29HwpckASrGkxKnB00XTA",3.34615384615385,52,0,0,0,0,0,0,0,0,0,0,1,0,0,0,0,1,-1,1,0,0,0,0,0,0,-1,0,0,0,0,0,0,0,-1,0,0,1,0,-1,0,1,0,0,0,0,0,0,0,0
"5V9i2FuhQ3o8ynYwbubmQg",2.77941176470588,68,0,-1,1,0,1,1,0,0,1,0,-1,0,0,0,0,0,0,0,0,0,1,0,0,1,0,0,0,0,0,0,0,0,0,0,0,0,0,1,1,0,0,0,0,0,0,0,0,0
"LRwkfgrkxxzLG24grsHkWw",4.74468085106383,47,1,1,0,0,0,0,0,0,0,0,0,0,0,0,0,0,0,0,0,0,0,1,0,0,0,0,0,0,0,0,0,0,0,0,0,0,0,0,0,0,0,0,1,0,0,0,0,0
"YBFtaTIOoFmUAsnbeqFheQ",3.92682926829268,41,0,0,0,0,0,0,0,0,0,0,0,0,0,0,0,0,0,0,0,0,0,0,0,0,0,0,0,0,0,0,0,0,0,0,0,0,0,0,0,0,0,0,0,0,0,0,0,0
"QifB5xsZflXW7mlq5PmVIg",4.52083333333333,48,0,0,0,0,0,0,0,0,0,0,0,0,0,0,0,0,0,0,0,0,0,0,0,0,0,0,0,0,0,0,0,0,0,0,0,0,0,0,0,0,0,0,0,0,0,0,0,0
"_TO_9GAogPZaGO7_EhzeQA",2.89090909090909,55,0,0,0,0,0,0,0,0,1,0,0,0,0,0,0,1,0,0,0,0,0,0,0,0,1,0,0,0,0,0,0,0,0,0,0,0,1,1,-1,1,0,0,0,0,0,0,0,0
"3vUUOXTq1HaevQiuaWY8jQ",3.13888888888889,36,0,1,-1,-1,-1,0,0,0,1,0,0,0,0,0,0,1,-1,0,0,0,0,0,0,1,1,0,0,0,0,0,0,0,1,0,0,0,0,0,0,0,0,0,0,0,0,0,0,0
"fUzIKW2E5oLgXY4LzruPeQ",3.28301886792453,53,0,0,0,0,0,0,0,0,0,0,0,0,0,0,0,1,0,0,0,0,1,0,0,1,0,0,0,0,0,0,0,0,0,0,0,0,0,0,0,0,0,0,1,0,0,0,0,0
"yrUDeng1LrDvgyyjI5GiHA",4.72727272727273,33,0,0,0,0,0,0,0,0,0,0,0,0,0,0,0,0,0,0,0,0,0,0,0,0,0,0,0,0,0,0,0,0,0,0,0,0,0,0,0,-1,0,0,0,0,0,0,0,0
"rA0GXKkrUOle4KGdYfjiPA",2.8,30,0,0,0,0,0,0,0,0,0,0,0,0,0,0,0,0,0,0,0,0,0,0,0,0,0,0,0,0,0,0,0,0,1,0,0,0,0,0,0,0,0,0,1,0,0,0,0,0
