"business_id","avg_review_stars","review_count","fries","chips","onion rings","nachos","wings","burger","monzarella stick","quesadillas","cheese","sandwitch","pizza","taco","popcorn","bacon","slider","fried","shrimp","salads","dip","nugget","oysters","sauce","peanut","chicken","beer","wine","cocktail","spark","spirit","rum","whiskey","vodka","tequila","brandy","gin","negroni","daiquiri","manhattan","mojito","margarita","martini","waiter","waitress","park","wifi","manner","price","music","band"
"X5oaz9_MVz-1ng83HuI4ZQ",2.88983050847458,118,0,0,0,0,0,0,0,0,0,0,0,0,1,0,0,0,0,-1,0,0,0,1,0,-1,0,0,0,0,1,0,0,0,0,0,0,0,0,0,0,0,0,0,0,0,0,0,0,0,0
"cUy8ww2wcqW-1RJLNSvBkA",3.40425531914894,94,1,0,0,0,0,0,0,-1,1,0,0,1,0,1,-1,-1,0,1,0,-1,0,1,0,1,1,0,1,0,0,0,1,0,0,0,1,0,0,0,0,0,0,0,0,-1,0,0,0,0,0
"xtDZdPaHwhAwoo77QV9Oeg",3.66666666666667,123,1,1,0,0,0,1,0,0,0,0,0,0,0,-1,0,0,0,0,1,0,0,0,0,0,-1,1,1,0,0,0,0,0,0,-1,-1,0,0,0,0,0,0,-1,1,1,1,0,0,0,0
"ewEDv_q-K0fV0FepkHB8sA",4.08055009823183,509,0,0,1,0,0,1,0,0,0,0,0,0,0,1,0,0,1,1,1,0,-1,1,0,0,0,1,0,0,0,-1,0,-1,0,0,0,0,0,0,0,0,0,1,0,1,0,0,0,0,0
"EgtyW19V-64c6PmRuvzSEA",3.79814077025232,753,0,0,0,1,0,1,0,0,0,0,1,1,1,1,-1,0,0,1,0,0,0,0,0,1,1,0,1,0,0,-1,0,1,1,0,0,0,0,0,-1,1,0,0,1,1,1,0,0,0,0
"566Si6H4elSwGXsrQDjXdg",4.43589743589744,78,0,0,0,0,0,0,0,0,0,0,1,0,0,0,0,0,0,0,0,0,0,0,0,1,1,0,0,0,0,1,0,0,0,0,1,0,0,0,0,0,0,1,0,0,0,0,0,0,0
"sTEmdsTMxoiKmjtRXRxCoA",3.44444444444444,63,0,0,0,0,0,0,0,0,0,0,0,0,0,0,0,0,0,0,0,0,0,0,0,0,0,0,0,0,0,1,-1,0,0,0,1,0,0,0,0,0,0,0,0,0,0,0,1,0,0
"RMEzxhYfpnEsWlfozit_xw",3.8014440433213,277,0,0,0,0,0,0,0,0,0,0,1,0,0,0,0,0,1,0,0,0,0,0,0,0,1,0,0,0,0,-1,0,0,0,0,1,0,0,0,0,0,0,0,-1,0,1,0,0,0,0
"iIok1p4qnpGAa07xoaXRQA",3.20430107526882,186,1,0,0,0,0,0,0,0,0,0,0,0,0,1,0,0,0,1,1,0,-1,0,0,0,-1,0,1,0,0,1,0,-1,1,0,-1,0,0,0,0,0,1,1,0,-1,0,0,0,0,0
"Twcjx4ofM9GWwXN6LVGSzw",3.9134438305709,543,1,1,0,0,0,1,0,0,1,0,0,1,0,0,1,1,1,1,0,0,0,1,0,1,1,1,1,0,1,1,1,0,1,1,1,0,0,0,0,1,1,0,0,0,0,0,0,0,0
"NYf9TKBKPpa1wkA_uwIlfg",3.99001996007984,501,0,0,0,-1,1,0,0,0,0,0,-1,0,0,0,0,0,0,0,-1,0,0,0,0,0,1,0,1,0,1,0,0,0,1,0,0,0,0,0,0,1,0,1,0,0,-1,0,-1,0,0
"wvCU61bSTtO8Cj7dhyrfMw",3.66037735849057,106,0,0,0,0,0,-1,0,0,0,0,0,0,0,0,0,0,0,0,0,0,0,1,0,0,0,0,0,1,0,0,0,0,0,0,0,0,0,0,0,0,0,1,1,0,0,1,0,0,0
"s913-wTSa-3repnsi2Yn_w",3.37333333333333,75,0,0,0,0,0,0,0,0,-1,0,0,0,0,0,0,0,0,0,0,0,0,0,0,0,-1,-1,0,0,0,0,0,0,0,0,1,0,0,0,0,0,0,1,0,0,0,0,0,0,0
"NJ4S3JX56JEZGWlAfpF9kw",2.39080459770115,87,0,0,0,0,0,0,0,0,0,0,0,0,0,0,0,-1,0,0,1,0,0,1,0,0,0,0,0,0,0,0,0,0,0,0,1,0,0,0,0,0,0,0,1,1,0,0,0,0,0
"2qjvYspb3bEmCaw1vmSk0g",3.78909090909091,275,0,0,0,0,0,1,0,0,0,0,0,0,0,0,0,1,1,-1,-1,0,0,1,0,0,1,1,1,0,0,-1,0,1,0,0,1,0,0,0,0,0,0,0,0,-1,-1,0,1,0,0
"yPgUkQxj8CYPKF89HV65kg",3.95336787564767,193,0,0,0,0,0,0,0,0,1,0,0,0,0,0,0,0,0,0,1,0,0,1,0,0,1,1,0,0,0,0,0,0,0,0,0,0,0,0,0,0,0,0,1,0,1,0,0,0,0
"oSrTdvRGrJ24ofcquIFoPA",3.84232365145228,241,0,0,0,0,0,0,0,0,0,0,0,0,0,0,0,1,1,0,-1,0,0,0,0,0,0,0,0,0,0,-1,0,0,0,0,0,0,0,0,0,0,1,1,0,1,1,0,0,0,0
"C37hwsGUHn_3-il0ypeY-Q",4.12060301507538,199,0,0,0,0,0,1,0,0,1,0,1,1,0,1,0,1,0,1,0,0,0,1,1,1,1,0,1,0,1,0,-1,1,0,0,0,0,0,0,0,0,0,1,1,0,0,0,0,0,0
"xStWlT67YUdrdhfrNP0eQQ",2.68181818181818,88,0,0,0,0,0,0,0,-1,0,0,0,0,0,0,0,1,-1,0,0,0,0,1,0,0,1,0,-1,0,0,-1,0,0,0,0,-1,0,0,0,0,0,0,0,0,0,-1,0,0,0,0
"krsjoEks-XF-PLKjOJW66A",3.8,80,1,0,0,0,0,1,0,0,0,0,0,0,0,1,0,1,0,0,0,0,0,0,0,0,1,0,1,0,0,0,0,0,0,0,1,0,0,0,0,0,-1,0,0,-1,1,0,0,0,0
"kGmntPru09mK3w8uD8oI8g",3.33333333333333,39,1,0,0,0,0,0,0,0,1,0,0,-1,0,0,0,0,1,0,0,0,0,0,0,0,1,0,0,0,0,0,0,0,0,0,0,0,0,0,0,0,0,0,0,0,0,0,0,0,0
"8VjuH2GhJXauUigEEX9Q7Q",4.66666666666667,36,0,0,0,0,0,0,0,0,1,0,0,0,0,0,0,0,0,0,0,0,0,1,0,1,0,0,0,0,0,0,0,0,0,0,0,0,0,0,0,0,0,0,0,0,0,0,0,0,0
"yvqMh9kTv3Kx-tocc0DFBQ",4.23636363636364,165,0,0,0,0,0,0,0,0,0,0,0,0,0,0,0,1,0,0,0,0,0,1,0,0,1,1,0,0,0,0,0,0,0,0,-1,0,0,0,0,0,0,0,0,0,0,0,0,0,0
"UduPcMWfIVMAYRaIIpzSog",4.3125,64,0,0,0,0,0,0,0,0,0,0,0,0,0,0,0,0,0,0,0,0,0,0,0,0,1,0,0,0,0,0,0,0,0,1,0,0,0,0,0,0,0,1,0,-1,0,0,0,0,0
"zERyZLsAyB47bMZlfUV-SQ",3.59493670886076,79,1,0,0,0,0,0,0,0,0,0,0,0,0,1,0,0,0,0,0,0,0,0,0,-1,0,0,-1,0,0,0,0,0,0,0,0,0,0,0,0,0,0,1,0,-1,0,0,0,0,0
"v14P9-vB1yjxFfFEYEWudw",3.99408284023669,169,0,0,0,0,0,0,0,0,0,0,0,0,0,1,0,0,0,0,0,0,0,1,0,1,0,1,0,0,0,-1,0,0,0,0,1,0,0,0,0,0,0,0,0,0,0,0,0,0,0
"N3uOrQCnx_n_841Q8EwbzQ",4.04651162790698,43,0,0,0,0,0,0,0,0,0,0,0,0,0,0,0,0,0,0,0,0,0,0,0,0,-1,0,-1,0,0,0,0,-1,0,0,0,0,0,0,0,0,1,0,0,0,0,0,0,0,0
"MpWkXcBH1sSVcjReplDB3A",4.3953488372093,86,0,0,0,0,0,0,0,0,1,0,0,0,0,0,0,0,0,0,0,0,0,0,0,0,0,0,0,0,0,-1,0,0,0,0,0,0,0,0,0,0,1,0,1,0,0,0,0,0,0
"Pzf3VFw0MqZjlNjmPTEQtQ",3.75555555555556,45,0,0,0,0,0,0,0,0,0,0,0,0,0,0,0,0,0,0,0,0,0,0,0,0,0,0,0,0,0,0,-1,1,0,0,-1,0,0,0,0,0,0,0,0,0,0,0,0,0,0
"wlZceADqZ0m9Zw5qM4y3qw",4.39759036144578,83,0,0,0,0,0,0,0,0,0,0,0,0,0,0,0,0,0,0,0,0,0,0,0,0,1,0,1,0,0,0,1,0,0,0,1,0,0,0,0,0,0,1,-1,0,0,0,0,0,0
"d6VYQbeTZ_WdD8Uuhh35dg",4.04918032786885,244,1,1,0,0,0,1,0,0,1,0,0,0,0,0,0,0,1,0,-1,0,1,1,0,0,1,1,1,1,0,0,1,0,0,-1,0,0,0,0,0,0,1,1,1,0,1,0,0,0,0
"V1JEkeAem05hps5ZCmMIgw",3.63013698630137,73,1,0,0,0,1,0,0,0,0,0,0,0,0,0,0,0,-1,0,0,0,0,1,0,0,1,0,1,0,0,0,1,0,0,0,1,0,0,0,0,0,0,1,0,0,0,0,0,0,0
"v3AS5LGeV2Si4nOHZ7lgxQ",3.82242990654206,214,0,0,0,0,-1,1,0,0,1,0,1,0,0,0,0,0,1,0,0,1,0,1,0,0,1,0,0,0,0,0,0,0,0,0,1,0,0,0,0,0,0,-1,0,1,1,0,0,0,0
"GjkgXXicSJokejRge-g3xA",4.07462686567164,134,0,0,0,0,0,0,0,0,0,0,0,0,0,0,0,0,0,0,0,0,0,0,0,0,1,0,0,0,0,0,0,0,0,0,0,0,0,0,1,0,1,1,1,0,0,0,-1,0,0
"eYE7zd30ltLAS1V3ssdtrQ",4.07692307692308,117,1,1,1,0,0,1,0,0,0,0,0,0,0,1,0,1,0,0,1,0,0,0,0,-1,1,0,1,0,0,0,0,0,0,0,0,0,0,0,0,0,0,0,1,1,0,0,0,0,0
"YgBQEX8dB27FdYj7PaPhPw",3.72538860103627,193,0,0,0,0,0,0,0,0,0,0,1,0,0,1,0,0,1,1,0,0,0,0,0,1,0,0,1,0,0,0,0,0,0,1,0,0,0,0,0,1,0,1,0,0,0,0,0,0,0
"MkSF0SJUMj2A3ewUhUUBvw",3.52083333333333,48,1,0,0,0,0,0,0,0,0,0,0,0,0,0,0,0,0,1,0,0,0,0,0,0,0,0,1,0,0,0,0,0,0,0,0,0,0,0,0,0,0,0,0,0,0,0,0,0,0
"wX8btbqgyFh0yHgmyR8ovA",4.07692307692308,182,0,0,0,0,0,0,0,0,0,0,0,0,0,0,0,1,0,0,0,0,0,1,1,1,1,0,0,0,0,0,0,0,0,0,1,0,0,0,0,0,0,0,0,1,0,0,0,0,0
"CUGPOzeBRz84cdIOGSXcLw",3.29411764705882,68,0,0,1,0,0,0,0,-1,0,0,0,0,0,1,0,0,0,0,0,0,0,1,0,-1,0,0,1,0,0,0,0,0,0,0,0,0,0,0,0,0,0,1,1,0,0,-1,0,0,0
"UjmVsSLDD7GQRTcLkJ9mfg",3.30681818181818,88,0,0,1,0,0,0,0,0,0,0,0,0,0,0,0,0,0,0,1,0,0,1,0,1,0,0,0,0,0,0,0,0,0,0,-1,0,0,0,0,0,0,0,0,1,0,0,0,0,0
"c2a7-byrwnuRUW757cyjgA",4.33962264150943,53,0,0,0,0,0,0,0,0,0,0,0,0,0,0,0,0,0,0,0,0,0,0,0,0,1,1,0,0,1,0,1,0,-1,0,1,0,0,0,0,0,0,0,0,0,0,0,0,0,0
"Y4OyM5VQLcsyc7nuBw2DTw",4.54385964912281,57,0,0,0,0,0,0,0,0,0,0,1,0,0,0,0,0,0,0,0,0,0,0,0,0,1,0,1,0,0,0,1,0,0,0,1,0,0,0,0,0,0,1,1,0,0,0,0,0,0
"ffUMyqLvDLcsed5p_7wy5A",3.25714285714286,105,0,1,0,0,0,0,0,0,0,0,0,0,0,0,0,0,0,0,0,0,0,0,0,0,0,0,0,0,0,0,0,0,0,0,0,0,0,0,0,0,0,0,0,0,0,0,0,0,0
"zjwdU1OdlbKTGjm-IfD4TQ",3.47959183673469,196,0,0,0,0,0,0,0,0,1,0,0,0,0,0,0,1,0,0,1,0,0,1,0,0,0,0,0,0,-1,-1,0,0,0,0,0,0,0,0,0,0,0,0,0,1,0,0,0,0,0
"xd94CG9wqwLQvPsrSC1l9A",3.67088607594937,158,1,0,0,0,-1,1,0,0,0,0,0,-1,0,1,0,1,0,0,1,0,0,1,0,0,1,1,0,0,0,0,0,0,0,0,0,0,0,0,0,0,0,1,1,1,0,0,0,0,0
"hOxNKZJ8wWg8Q165U7CCqg",4.03174603174603,252,0,0,0,0,0,1,0,0,1,0,0,1,0,0,0,1,0,1,0,0,1,0,0,0,1,1,1,-1,0,1,-1,0,0,0,0,0,1,0,0,0,0,1,0,1,1,0,0,0,0
"Wtp0Pfnhd7NvUIEawiIjTA",3.92753623188406,138,1,1,0,0,1,0,0,0,0,0,1,0,0,1,0,0,0,0,0,0,0,0,0,0,1,1,0,0,0,1,0,1,0,0,1,0,0,0,0,0,0,1,0,0,0,0,0,0,0
"8iZ5bR_Zl-xQZMDCvNKLgg",4.5,62,0,0,0,0,0,0,0,0,0,0,0,0,0,0,0,0,0,0,0,0,0,0,0,0,0,0,0,0,0,0,0,0,0,0,-1,0,0,0,0,0,0,1,1,0,0,0,0,0,0
"hNuDWMtu56NLz4L1Ghm0aA",4.01315789473684,76,1,1,1,0,1,0,0,0,0,0,-1,0,0,0,0,1,1,0,1,0,0,1,0,-1,0,-1,-1,0,0,0,1,0,0,0,-1,0,0,0,0,0,0,-1,0,0,1,0,0,0,0
"wUqqq1nUFA8Fn-3vYYFyWQ",2.67708333333333,96,0,0,0,0,0,0,0,0,0,0,1,0,0,0,0,1,0,1,1,0,0,0,0,0,1,1,1,0,0,0,0,0,0,0,-1,0,0,0,0,0,0,0,-1,0,0,0,0,0,0
"BvyUXno0grQerd5cZGDFPw",4.21052631578947,57,0,0,0,0,0,0,0,0,0,0,0,0,0,0,0,0,0,0,0,0,0,1,0,0,0,0,0,0,0,0,0,0,0,0,0,0,0,0,0,0,0,0,0,0,0,0,0,0,0
"RG2IGb4LwbxUwCW3iooYDA",4.1566265060241,83,0,0,0,0,0,0,0,0,0,0,0,0,0,0,0,1,1,1,0,0,0,0,0,-1,1,1,1,0,0,0,0,0,0,0,1,0,0,0,0,0,0,0,0,1,0,0,0,0,0
"d4JTF7OUIMpxpIHVl9wPJA",2.96517412935323,201,0,0,-1,1,0,0,0,-1,0,0,0,0,0,-1,1,1,1,0,1,0,0,0,0,0,1,0,-1,0,0,1,0,0,0,0,0,0,0,0,0,0,0,0,1,0,0,0,0,0,0
"OoI3WUe4Xl86d53avy3oVA",4.42821158690176,397,1,0,0,0,0,0,0,0,1,0,0,0,-1,0,0,0,1,0,1,0,0,0,0,0,1,1,1,1,0,1,0,0,0,0,0,1,0,0,0,0,0,1,0,1,1,0,-1,0,0
"VGKq16vCdPPHMoryy6XTHg",3.87700534759358,187,0,1,0,0,0,0,0,0,-1,0,1,0,0,1,0,1,1,0,-1,0,0,0,0,1,1,0,0,0,0,0,0,1,0,0,0,0,0,0,1,0,0,1,0,1,1,0,0,0,0
"uvPv-iPbOtp0Zhgzwn0A3w",4.63380281690141,213,0,-1,0,0,0,0,0,0,-1,0,1,0,0,0,0,0,0,0,1,0,0,0,0,1,0,1,0,0,1,0,0,0,0,0,0,0,0,0,0,0,0,0,0,0,0,0,0,0,0
"XnFPzFiLZ8wKWZsmzGjvCQ",3.54716981132075,53,0,1,1,0,1,0,0,0,1,0,0,0,0,1,0,1,0,-1,1,0,0,1,0,0,0,0,0,0,0,0,0,0,0,0,0,0,0,0,0,0,0,0,1,0,1,0,0,0,0
"brIaz5gTzBX6fgJNQZbUCA",3.36931818181818,176,1,0,0,0,0,0,0,0,0,0,0,-1,0,0,0,0,0,0,1,0,0,1,0,0,1,0,1,0,0,-1,0,0,0,0,1,0,0,0,0,0,0,-1,1,1,-1,0,0,0,0
"N2yxwWuCzVpjMJPEDr_YyA",3.02564102564103,78,0,0,0,0,0,0,0,0,0,0,0,0,0,0,0,0,0,0,0,0,0,0,0,-1,-1,0,0,0,0,0,0,0,0,0,1,0,0,0,0,1,0,0,-1,0,0,0,0,0,0
"cgoS2M0ghmdAQM1fvf-I9Q",3.25454545454545,55,0,0,0,0,0,0,0,0,0,0,0,0,0,1,0,-1,-1,1,0,0,0,0,0,0,-1,-1,0,0,0,0,0,0,0,0,1,0,0,0,0,0,0,0,0,1,1,0,0,0,0
"hoqk5SFvERVDJVXUaFLpLQ",3.85572139303483,402,1,0,1,0,1,0,0,0,0,0,0,1,1,0,0,1,0,1,1,0,0,1,0,0,1,-1,1,0,0,0,0,0,-1,0,0,0,0,0,0,1,0,0,0,0,0,0,0,0,0
"EKNm59ZMMRvb8N8Cm5F8Qw",3.96739130434783,92,1,1,0,0,1,0,0,0,0,0,0,0,0,0,0,0,0,0,1,0,0,1,0,0,0,1,1,0,1,0,0,0,0,0,0,0,0,1,-1,0,0,0,-1,1,1,0,0,0,0
"2YlUn3s132hNq5ueGeIiJg",3.42914979757085,247,0,1,0,0,0,0,0,0,0,0,-1,0,0,1,0,0,0,0,1,0,-1,0,0,0,0,1,0,0,0,1,0,0,0,0,0,0,0,0,-1,-1,0,0,1,0,0,0,0,0,0
"fqeHgAtcUxp2ocf_RLErkg",3.76767676767677,99,0,1,0,0,-1,1,0,0,0,0,0,0,0,1,0,1,0,0,0,0,0,0,0,1,1,1,0,0,0,0,0,0,0,0,0,0,0,0,0,0,0,1,1,-1,1,0,0,0,0
"Nn5gon8s64jVOZA-2ZkLcA",2.94117647058824,34,0,0,0,0,0,-1,0,0,-1,0,0,-1,0,0,0,0,-1,0,0,0,0,-1,0,-1,1,0,0,0,0,0,0,0,0,0,0,0,0,0,0,0,0,0,0,1,-1,0,0,0,0
"L772e6l2Yd0DJEyCBxBNng",2.94554455445545,202,0,0,1,-1,0,0,0,0,0,0,1,0,0,0,0,0,0,0,0,0,0,0,0,0,1,0,0,0,0,0,0,0,0,0,0,0,0,0,0,0,0,0,-1,0,0,0,0,0,0
"5SvxGnwZ-rzJ8eB9eoUEMQ",4.47560975609756,82,0,0,0,0,0,0,0,0,1,0,0,0,0,0,0,0,0,0,0,0,0,0,0,0,0,0,1,0,0,0,0,0,0,0,0,0,0,0,0,0,0,1,1,0,0,0,0,0,0
"H5PIiiIM92cyOCcLpOKm4A",4,71,0,0,0,0,0,0,0,0,0,0,0,0,0,0,0,0,0,0,0,0,0,0,0,0,0,0,1,0,0,0,0,0,0,0,0,0,0,0,1,0,1,0,1,-1,0,0,0,0,0
"NyGlEmuYcpZSKfk6IwJeSw",3.62790697674419,172,1,0,0,0,1,1,0,0,1,0,0,0,1,1,0,1,1,0,1,0,0,0,0,1,0,1,0,0,0,0,1,0,1,0,0,0,0,0,0,0,-1,1,0,0,0,0,0,0,0
"NoxzrJbWS4xD9ft0ygD3JA",3.36363636363636,33,0,0,0,0,0,0,0,0,0,0,1,0,0,0,0,0,0,0,1,0,0,0,0,0,0,1,0,0,0,0,0,0,0,0,0,0,0,0,0,1,0,0,0,0,-1,0,0,0,0
"Fr3Dz0_fOSGBroXEUF9BiA",3.55725190839695,131,0,-1,0,1,1,1,0,0,1,0,1,0,0,1,1,0,1,1,1,0,0,1,0,0,1,1,1,0,0,0,0,0,1,0,1,0,0,0,0,0,0,0,0,-1,1,0,0,0,0
"6zZDTZ4ZZEYfN268iPz0uQ",4.3048128342246,187,0,0,0,1,0,0,0,0,0,0,0,0,0,0,0,0,0,1,0,0,0,0,0,0,-1,0,1,0,0,0,1,1,0,0,1,0,0,0,0,0,1,1,0,1,0,0,0,0,0
"IRfYEXJBQXxIN2d5pD_jKg",3.5,178,0,-1,0,0,0,0,0,0,1,0,0,1,0,1,0,1,0,0,1,0,0,0,0,1,0,0,0,0,0,1,0,0,0,0,1,0,0,0,1,1,1,-1,1,0,0,0,0,0,0
"aRIZPbrHwnM04TTXLYrFMg",4.21708185053381,281,0,0,0,0,0,0,0,0,0,0,0,0,0,1,0,0,0,1,1,0,0,1,-1,0,0,1,1,1,0,1,0,1,1,1,0,0,0,1,1,0,1,0,0,0,1,0,0,0,0
"RJNAeNA-209sctUO0dmwuA",4.09032258064516,1705,0,1,1,0,0,0,0,0,0,0,0,1,0,0,0,0,0,1,1,1,0,0,0,0,1,0,1,0,1,0,0,1,0,1,1,0,0,1,0,1,0,0,0,0,0,0,1,0,0
"JEoi9ITPZM58EnZBAubijA",3.72881355932203,295,0,0,0,1,0,0,0,0,0,0,0,1,0,1,0,0,1,0,1,0,0,0,0,0,1,1,0,0,0,0,0,0,0,0,1,0,0,0,0,0,0,0,0,0,0,0,0,0,0
"HeN_Ru6w-T-oJn6T_N1vfQ",2.8448275862069,58,0,0,0,1,1,1,0,-1,0,0,0,0,0,0,0,1,0,0,0,0,0,0,0,1,0,0,0,0,0,0,0,0,0,0,-1,0,0,0,0,0,0,-1,0,0,0,0,0,0,0
"HXkuFF_Rtg2g9rwcBdpB-g",3.26490066225166,151,1,-1,0,0,0,0,0,0,0,0,0,0,0,0,0,0,0,0,1,0,0,1,0,0,1,0,1,0,0,0,0,-1,0,0,0,0,0,0,0,0,0,1,0,0,0,0,0,0,0
"h9ELiqDfwNktCvLEu1DDNg",3.71717171717172,99,0,0,0,0,0,0,0,0,0,0,0,0,0,0,0,0,0,0,0,0,0,0,0,0,1,0,0,0,0,1,1,0,0,1,1,0,0,0,0,0,-1,1,0,1,0,0,0,0,0
"JDwEvZq0KCSwgEds3LxgMA",3.07547169811321,53,0,0,0,0,0,0,0,0,0,0,0,0,0,0,0,1,-1,1,0,0,0,0,0,0,0,0,0,0,0,0,0,0,0,0,0,0,0,0,0,0,0,0,0,1,0,0,0,0,0
"HO2knNxcc_8lFtgGxN8q2A",3.21686746987952,166,0,-1,1,0,1,0,0,0,0,0,0,0,0,0,0,0,0,1,1,0,0,1,0,0,0,0,-1,0,0,0,0,0,0,0,0,0,0,0,0,0,0,0,-1,0,0,0,0,0,0
"DEF77d-_S0UT2OI-njM5fQ",3.5859375,128,1,0,0,1,0,0,0,0,0,0,0,0,0,0,1,0,0,1,0,0,0,0,0,0,1,1,1,0,1,0,0,0,0,0,1,0,0,0,0,1,0,1,1,1,0,0,0,0,0
"xzGUXMDKa2xw_TJ2n4WrNw",3.05555555555556,54,0,0,0,0,1,0,0,0,0,0,0,0,0,0,0,0,0,0,0,0,0,0,0,0,1,0,0,0,0,0,0,0,0,0,0,0,0,0,0,0,0,1,0,0,0,0,0,0,0
"ppyUsjr_baAojLKyAAO1uw",4.69230769230769,52,0,0,0,0,0,0,0,0,1,0,0,0,0,1,0,0,0,1,0,0,0,0,0,1,0,1,-1,0,0,1,0,0,0,0,0,0,0,0,0,0,0,0,0,0,0,0,0,0,0
"1Os0g2rh6I50ZIXEZSaNkA",3.83370786516854,445,1,0,1,0,0,0,0,0,0,0,0,0,0,1,0,0,-1,1,0,0,0,0,0,0,1,1,1,0,0,-1,0,1,0,0,0,0,0,0,0,1,0,0,1,0,0,0,0,0,0
"Eydky7VulZijOJ37yl8IGQ",4.08196721311475,61,0,1,0,0,0,1,0,0,0,0,0,0,0,1,0,1,1,0,1,0,0,1,0,0,1,1,1,0,0,0,1,0,0,0,1,0,0,0,0,0,0,0,0,1,0,0,0,0,0
"IpLvJEjb4AN8eWq5NE2TVA",3.51079136690647,139,0,1,0,1,0,0,0,0,0,0,0,0,0,0,0,0,0,1,0,0,0,1,0,0,1,0,0,0,0,0,0,0,0,0,0,0,0,0,0,1,0,0,0,1,0,0,0,0,0
"ues2rFe_hbRC7s232PX5QA",3.55725190839695,262,0,1,0,1,0,0,0,0,0,0,1,1,0,0,0,1,1,1,1,0,0,0,0,1,0,1,1,0,1,1,0,1,0,0,0,0,0,0,0,0,0,1,0,0,0,0,0,0,0
"5uMfIYovqfgk41abdfFegw",4.38738738738739,111,0,1,0,1,0,1,0,0,0,0,0,0,0,0,0,0,0,1,0,0,0,1,0,0,0,0,1,0,0,-1,0,1,0,0,1,0,0,0,1,0,0,1,0,0,1,0,0,0,0
"kz5UANVmPxpllcoLnZBNhg",3.43307086614173,127,0,0,0,1,0,0,0,0,0,0,0,0,1,0,0,1,0,0,0,0,0,1,0,1,1,-1,0,0,0,0,0,0,0,0,0,0,0,0,0,0,0,0,0,0,0,0,0,0,0
"SBnpT6JDbah-5l_52GM5sw",3.98692810457516,459,1,0,0,0,0,1,0,0,1,0,0,0,0,1,0,1,0,1,1,0,1,0,0,1,1,1,1,0,1,0,0,1,0,0,1,0,0,0,1,0,1,1,0,1,0,0,0,0,0
"2C5nGjdzF0zMWvD9iVma0g",2.85294117647059,34,0,1,0,1,0,0,0,0,0,0,0,0,0,0,0,1,0,0,0,0,0,1,0,0,0,0,0,0,0,0,0,0,1,0,1,0,0,0,0,1,0,0,0,0,-1,0,0,0,0
"TCX9hVUcikqtbkzBoG8JpQ",3.78846153846154,52,0,0,0,0,0,0,0,0,0,0,0,0,0,0,0,0,0,0,0,0,0,0,0,0,0,0,0,0,0,0,0,0,0,0,0,0,0,0,0,0,0,0,1,0,1,0,0,0,0
"ajNgLG4Eev8GQYZeMBPpdA",3.45833333333333,48,-1,-1,0,0,0,1,0,0,0,0,0,0,0,0,0,1,1,0,0,0,0,1,0,0,0,1,0,0,0,0,0,0,0,0,-1,0,0,0,0,0,0,0,1,1,0,0,0,0,0
"x7WmDyWVYUy4sPfT69nk5w",3.01449275362319,69,-1,-1,-1,0,-1,0,0,0,0,0,0,0,0,1,0,-1,0,0,0,0,0,0,0,0,0,0,-1,0,0,0,0,0,0,0,0,0,0,0,0,0,0,1,0,0,0,0,0,0,0
"KK5Hvy2JNjXpdO_zHA_LCA",3.90625,32,0,0,0,0,0,0,0,0,0,0,0,0,0,0,0,0,0,1,0,0,0,0,0,0,0,-1,0,0,0,0,0,0,0,0,-1,0,0,0,0,0,0,0,-1,0,1,0,0,0,0
"LZ_R2OLgZQSQMMzlp8uUOA",4.11485148514851,505,1,0,1,0,1,1,0,0,1,0,0,0,0,1,0,1,0,0,1,0,0,1,0,1,1,0,1,0,1,-1,1,0,0,0,0,0,0,0,0,0,0,1,1,-1,1,0,0,0,0
"6Z75MVEou08v513A8DUbpw",3.94059405940594,101,1,0,0,-1,0,0,0,0,0,0,1,0,0,1,0,1,0,1,0,0,0,0,0,0,1,1,-1,0,0,0,0,0,0,0,1,0,0,0,0,0,0,0,-1,1,0,0,0,0,0
"cMybOpJd352Cb6y9SeVhPw",3.33624454148472,229,1,0,0,0,0,0,0,0,0,0,0,0,0,1,0,1,0,-1,1,0,0,0,0,1,-1,1,1,1,1,0,0,0,0,0,0,0,0,0,0,0,1,0,0,0,0,0,0,0,0
"oKYUMYQI7AkjCJdRsKlqtg",3.52272727272727,176,0,1,0,0,0,0,0,0,-1,0,0,0,0,0,0,0,0,1,0,0,0,0,0,0,0,1,1,0,0,0,0,0,0,0,0,0,0,0,0,0,0,0,-1,0,0,0,0,0,0
"sPd3E7lFzd_yooiq-ekxtQ",2.36363636363636,121,0,0,0,-1,-1,0,0,-1,-1,0,0,-1,0,0,0,0,0,0,0,0,0,0,0,-1,0,0,0,0,0,0,0,0,1,0,-1,0,0,0,0,0,0,0,0,0,0,0,-1,0,0
"eI1n8YoS2xKCCpkLQp-CYA",3.24120603015075,199,0,0,0,0,0,0,0,0,0,0,0,0,0,0,0,0,0,-1,0,1,0,0,0,0,-1,0,0,0,0,0,0,0,0,0,-1,0,0,0,0,0,0,1,0,0,-1,0,0,0,0
"_DpnhekFOZDPNBDekWpx4A",2.25,72,0,-1,1,0,0,0,0,0,0,0,0,0,0,0,0,0,0,0,0,0,0,0,0,0,-1,0,0,0,0,0,0,0,0,0,0,0,0,0,0,0,0,0,0,1,-1,0,0,0,0
"nTj1Yi5TyRErrP8k8H3C3g",3.11475409836066,61,1,0,0,0,0,0,0,0,-1,0,0,0,0,0,0,-1,0,1,0,0,0,0,0,1,0,0,0,0,0,0,0,0,0,1,0,0,0,0,0,0,-1,-1,-1,0,0,0,0,0,0
"hM48axj9twnf7A6a5f8cjA",3.50505050505051,99,-1,0,0,0,0,0,0,0,1,0,0,0,0,0,0,0,0,0,1,-1,0,1,0,0,0,0,1,0,0,0,0,0,0,0,0,0,0,0,0,0,1,0,0,-1,1,0,1,0,0
"X0siHN0KchBjGKn9QsEAFg",3.80357142857143,56,0,1,0,1,-1,1,0,0,0,0,0,0,0,1,0,0,0,0,0,0,0,1,0,0,0,0,1,0,0,0,0,0,0,0,0,0,0,0,0,1,0,1,0,0,0,0,0,0,0
"flCF_Vp9NOpTVeGv673nSg",3,165,0,-1,-1,1,1,1,0,0,0,0,0,1,0,0,0,1,0,1,-1,0,0,0,0,0,1,1,0,0,0,0,0,0,0,1,0,0,0,0,0,0,0,1,1,1,1,0,0,0,0
"V_2YX2rW_l5N3UwwifokCQ",3.08333333333333,60,0,0,0,0,0,0,0,0,1,0,0,0,0,0,0,0,0,0,0,0,0,0,0,0,1,0,0,0,0,1,0,0,0,0,0,0,0,0,0,0,0,0,0,1,0,0,0,0,0
"cVPUJEJqjSR1oHjl2JPHqg",3.11111111111111,63,0,0,0,0,-1,-1,0,-1,0,0,0,0,0,-1,0,1,0,0,0,0,0,0,0,0,0,0,1,0,0,-1,0,0,0,0,1,0,0,0,0,0,0,0,0,0,0,0,0,0,0
"1PUPTbQRums97s6yfTnA5A",3.22,50,1,0,0,0,0,1,0,0,0,0,-1,0,0,0,0,0,0,0,-1,0,0,1,-1,-1,0,0,0,0,0,0,0,0,0,0,0,0,0,0,0,0,0,0,1,1,-1,0,0,0,0
"wNdTKpis6nxehbaZP0XwJg",4.00531914893617,188,1,1,0,0,0,1,0,0,1,0,1,0,0,1,0,1,-1,0,1,0,0,1,0,1,0,1,1,0,0,0,0,0,0,0,1,0,0,0,0,0,0,1,1,1,0,0,1,0,0
"iFlr0eG_qH-cgXFhji7gbQ",3.36979166666667,192,-1,0,0,0,0,0,0,0,1,0,-1,0,0,0,0,0,0,0,0,0,0,0,0,0,1,1,1,0,0,0,0,0,0,0,-1,0,0,0,0,0,0,1,1,-1,0,0,0,0,0
"mzq_UgBRWsxTjb7oBNajWA",3.44545454545455,220,0,0,0,0,0,0,0,-1,0,0,0,0,0,0,0,1,0,1,0,0,0,0,-1,0,1,0,0,0,0,0,0,1,0,0,0,0,0,0,0,0,0,0,0,0,0,0,-1,0,0
"WMpXWa8iiEaDzb4vLTZjcw",3.92419825072886,343,1,0,1,0,0,0,0,0,0,0,1,0,0,1,0,1,0,1,1,1,0,1,0,0,1,0,-1,0,0,-1,0,0,0,0,1,0,0,0,0,0,0,0,0,1,0,0,0,0,0
"xVpE01l6ZXdEtVf5PkRpDg",4,100,0,-1,0,0,0,0,0,0,1,0,0,0,0,1,0,1,0,0,1,0,0,-1,0,0,0,0,1,0,0,1,0,0,0,0,0,0,0,0,0,0,0,1,1,1,1,0,0,0,0
"YLwXQbMN-4NvUs_U8brP-w",4.04285714285714,70,0,0,0,0,0,0,0,0,0,0,0,0,0,0,0,0,1,0,0,0,0,1,0,1,0,0,0,0,0,0,0,0,0,0,1,0,0,0,0,0,0,0,0,0,0,0,0,0,0
"5P73h8f_5q-00YIIkUX4WA",3.28994082840237,169,0,0,0,0,0,0,0,0,0,0,0,1,0,0,0,-1,0,0,1,0,-1,0,0,1,0,0,0,0,0,-1,0,-1,0,0,0,0,0,0,1,0,0,0,0,1,1,0,0,0,0
"k9wv5-0u8q4S75MIaTX6aA",3.67241379310345,116,0,0,0,0,1,0,0,0,0,0,0,0,0,0,0,0,0,-1,0,0,0,0,0,0,0,0,0,0,0,0,0,0,0,0,0,0,0,0,0,0,0,0,0,1,-1,0,0,0,0
"xhc-bSw2Cz2Inskzjve3Rg",4.03225806451613,31,0,0,0,0,0,0,0,0,0,0,0,0,0,0,0,0,0,0,0,0,0,0,0,0,0,0,0,0,0,0,0,0,0,0,0,0,0,0,0,0,0,0,0,0,0,0,0,0,0
"tsDdetbc4qtzgAPtcLH87A",3.56521739130435,138,0,0,0,1,0,0,0,0,0,0,-1,0,0,0,0,0,1,0,0,1,0,1,0,0,1,0,0,0,1,1,0,0,0,0,1,0,0,0,0,0,0,1,0,0,0,0,0,0,0
"tSzIHI6ioblP1WEQAQNbhw",3.5,86,0,0,0,0,0,0,0,0,0,0,0,0,0,0,0,0,0,0,0,0,0,-1,0,1,0,0,0,0,0,-1,0,0,0,0,1,0,0,0,0,0,0,0,0,0,0,0,0,0,0
"enyOZKWtkvH0VBzfnKveZA",2.06896551724138,58,1,0,0,0,-1,0,0,0,-1,0,0,1,0,0,-1,0,0,0,0,0,0,0,0,0,1,0,-1,0,0,0,0,0,0,0,0,0,0,0,0,0,0,0,0,-1,0,0,0,0,0
"X4w6_iAqN8ZqZ15a7YWPgw",3.41463414634146,41,0,1,0,0,0,0,0,0,0,0,0,0,0,0,0,1,0,0,0,0,0,1,0,1,1,0,0,0,0,0,0,0,0,0,0,0,0,0,0,0,0,0,-1,0,1,0,0,0,0
"3-HFGxmbzSax-NySJ_LzDg",3.63819095477387,199,0,0,0,0,0,0,0,0,1,0,-1,0,0,0,0,1,1,0,0,0,0,0,0,1,1,0,0,0,0,0,0,0,0,0,0,0,0,0,0,0,1,1,1,0,0,0,0,0,0
"NVIaU1w3e8KSeaGihSWicg",4.30188679245283,53,0,0,0,0,0,0,0,0,0,0,0,0,0,0,0,-1,0,0,0,0,0,0,0,0,1,0,0,0,0,-1,0,0,0,1,-1,0,0,0,0,0,0,0,0,0,0,0,0,0,0
"6HLacZd6X2tz16IP3dHMEA",3.96774193548387,31,0,0,0,0,0,0,0,0,1,0,0,0,0,0,0,0,0,0,0,0,0,0,0,0,0,0,0,0,0,0,0,0,0,0,-1,0,0,0,0,0,0,1,0,0,0,0,0,0,0
"BF4RaOWyjLDa9OvriKc1sA",3.3495145631068,103,0,-1,0,-1,0,0,0,0,0,0,0,1,1,0,1,0,-1,0,0,0,0,0,1,0,0,0,1,0,0,0,0,0,0,0,1,0,0,0,0,0,0,0,0,0,0,0,0,0,0
"nQNjtPpAHw0A8FZj1hPajQ",3.58571428571429,70,0,0,0,0,-1,0,0,0,1,0,0,0,1,0,0,0,0,0,0,0,0,0,0,-1,0,1,1,0,0,1,0,0,0,0,-1,0,0,0,0,0,1,0,0,0,0,0,0,0,0
"g6aWPjcKukfK1-Po70Lhyw",3.7906976744186,129,0,0,0,0,0,0,0,0,1,0,0,0,0,1,0,0,1,0,0,0,1,1,0,1,0,0,1,0,0,0,0,0,0,1,-1,0,0,0,0,-1,0,0,1,0,0,0,0,0,0
"fNhp7o7RhmKhdBFTsJyyxw",3.39473684210526,38,1,0,0,1,1,0,0,0,-1,0,0,0,0,0,0,1,0,0,0,0,0,1,0,0,0,0,0,0,0,0,0,-1,0,0,-1,0,0,0,0,0,0,0,0,1,-1,0,0,0,0
"vahVdHsH5HjThT0Sa2mThQ",3.61764705882353,34,1,0,0,0,0,0,0,0,0,0,0,0,0,0,0,-1,0,0,0,0,0,1,0,0,0,0,0,0,0,0,0,0,0,0,0,0,0,0,0,0,0,0,0,0,0,0,0,0,0
"rlXgCJVxf5wP4sPhxH_2XQ",3.72413793103448,87,0,0,0,0,0,0,0,0,0,0,1,0,0,0,0,0,0,0,0,0,0,0,0,0,0,-1,0,0,0,1,0,0,0,1,0,0,0,0,0,0,0,1,-1,0,0,0,0,0,0
"yxj0P4O-ydn2KTzOut86QA",2.76190476190476,42,-1,0,0,0,0,0,0,-1,0,0,0,0,0,-1,0,-1,0,0,0,0,0,0,0,0,-1,0,0,0,0,0,0,0,0,0,-1,0,0,0,0,0,0,0,-1,-1,1,0,0,0,0
"A5tvf0CSH-QUnpyMI4m5ww",3.78571428571429,42,0,0,0,0,0,0,0,0,0,0,0,0,0,0,0,0,0,0,0,0,0,0,0,0,-1,0,0,0,0,0,0,0,0,0,0,0,0,0,1,0,0,1,0,0,0,0,0,0,0
"Amo5UhXRFce_fegUnFEnMA",3.32608695652174,46,0,0,0,0,0,0,0,0,-1,0,0,0,0,0,0,0,0,0,0,0,0,0,0,0,1,0,0,0,0,-1,0,0,0,1,1,0,0,0,0,0,0,0,0,0,0,0,0,0,0
"xOx-N9G7AteZTnZfVFfNHA",2.72727272727273,33,0,0,0,0,0,1,0,0,0,0,0,0,0,1,0,1,1,0,0,0,0,0,0,-1,0,0,0,0,0,0,0,0,0,0,0,0,0,0,0,0,0,1,1,0,1,0,0,0,0
"k9RUMKASTB6QZ-NkfnN8Fg",3.88888888888889,135,1,0,0,0,0,0,0,0,0,0,0,0,0,-1,0,1,0,0,0,0,0,1,0,0,1,1,1,0,0,-1,0,0,0,0,0,0,0,0,1,0,0,0,-1,1,1,0,0,0,0
"VgGO13Fx7dQj4zg3IuVDLw",3.91818181818182,110,0,0,0,0,0,0,0,0,0,0,0,0,0,0,0,0,-1,0,1,0,0,1,0,0,1,0,0,0,0,0,0,0,0,0,1,0,0,0,0,0,0,0,0,0,1,0,0,0,0
"XFuNeVTGWZ-UOYO58NNmKg",2.67021276595745,94,-1,0,0,0,0,1,0,0,0,0,0,0,1,0,0,0,0,1,0,0,1,1,0,1,0,-1,0,0,0,0,0,0,0,1,0,0,0,0,0,0,0,1,0,1,0,0,0,0,0
"vR5Hppx__U_VXObK8VPLOw",4.39339339339339,333,0,0,0,0,0,-1,0,0,0,0,-1,0,0,0,1,1,1,1,0,0,0,1,0,1,0,1,1,0,0,1,1,0,0,0,0,0,0,0,0,0,0,1,0,1,0,0,1,0,0
"2zx0Pt5OeHhjAZoNRqYTog",3.73267326732673,202,-1,1,1,1,0,1,0,0,1,0,0,1,0,0,0,1,0,1,1,0,0,0,0,0,-1,0,0,0,0,-1,0,1,-1,0,-1,0,0,0,1,1,0,0,0,1,0,0,0,0,0
"Rn9FfZqjIU1oy8XaST9qbw",4.36893203883495,103,0,0,0,0,0,0,0,0,0,0,0,0,0,0,0,0,0,0,0,0,0,0,0,-1,0,1,0,0,0,0,0,0,0,0,1,0,0,0,0,0,0,1,0,0,0,0,0,0,0
"29iErFPoWBTbIVPpp9qSyg",4.07142857142857,56,0,0,0,0,0,0,0,0,0,0,0,0,0,1,0,0,0,0,0,0,0,1,0,1,0,0,1,0,0,1,0,0,0,0,0,0,0,0,0,0,0,0,0,0,0,0,0,0,0
"lPsT-Rmmf6333z6h6ANHrw",3.26190476190476,42,0,0,0,0,0,0,0,0,0,0,1,0,0,0,0,0,0,0,0,0,0,0,0,0,-1,0,0,0,0,0,0,0,0,0,0,0,0,0,0,1,0,-1,0,0,0,0,0,0,0
"TBh4lRgZayACZKK02suaSQ",2.3695652173913,46,0,0,0,0,0,-1,0,0,-1,0,0,0,0,-1,0,-1,0,0,1,0,0,0,0,-1,0,-1,0,0,0,0,0,0,0,0,0,0,0,0,0,0,0,0,0,0,1,0,0,0,0
"3o4DskK2ooIekswJWiOuAg",4.29761904761905,84,1,0,0,0,0,1,0,0,0,0,0,0,0,0,0,0,0,0,0,0,0,0,0,0,0,0,1,0,0,0,0,0,0,0,0,0,0,0,0,0,0,0,0,0,0,0,0,0,0
"x8EXXJpcbrIeaVefej2aJw",3.38135593220339,118,0,0,0,0,0,0,0,0,-1,0,0,0,0,0,0,0,0,0,-1,0,0,-1,0,0,0,1,0,0,-1,0,0,0,0,0,0,0,0,0,0,0,0,0,0,-1,0,0,0,0,0
"caMVCmuEG4rIV8HtTdU9jA",3.55223880597015,134,0,1,0,1,0,1,0,0,0,0,0,0,0,0,-1,1,0,0,1,0,0,0,0,0,1,0,0,0,1,0,1,0,0,0,0,0,0,0,0,0,0,0,0,1,1,0,0,0,0
"lpkyi6eEAeU2mgyXnpKhOw",4.42857142857143,49,0,0,0,0,0,0,0,0,0,0,0,0,0,0,0,0,0,0,0,0,0,0,0,0,0,0,0,0,0,0,0,0,0,0,0,0,0,0,0,0,0,0,0,0,0,0,0,0,0
"kUtQT0IgfJaBE-5uP0r4sQ",2.13114754098361,61,0,0,0,0,0,0,0,0,0,0,0,0,0,0,0,0,0,0,0,0,0,0,0,-1,0,-1,0,0,0,0,0,0,0,0,1,0,0,0,0,0,0,0,0,0,-1,0,0,0,0
"3QfcfPCJSo0z2v1bkdUemQ",4.075,40,0,0,0,0,0,0,0,0,0,0,0,0,0,1,0,0,1,0,1,0,0,1,0,0,0,1,0,0,0,0,0,0,0,0,-1,0,0,0,0,0,1,0,-1,0,0,0,0,0,0
"VrE8b5u-ai47W__Diw_mKg",3.94594594594595,37,0,0,0,0,-1,1,0,0,1,0,0,0,0,0,0,1,0,1,1,0,0,-1,0,1,0,0,0,0,0,0,0,0,0,0,0,0,0,0,0,1,0,0,0,0,0,0,0,0,0
"TMf3yJqOGGXsPFA3Ql2ltw",3.63380281690141,71,0,0,0,0,0,0,0,0,0,0,0,0,0,0,0,0,0,0,0,0,0,0,0,0,0,0,0,0,0,0,0,0,0,0,1,0,0,0,0,0,0,0,0,0,0,0,0,0,0
"QfWFxmXqRGixztgaZN0gOA",4.23529411764706,119,0,0,0,0,0,0,0,0,1,0,0,0,0,1,0,0,0,0,-1,0,0,0,0,0,0,1,0,0,0,0,0,0,0,0,0,0,0,0,0,0,0,0,1,0,0,0,0,0,0
"cTPdZ9Va0HCLESf5gNnXwA",3.80608365019011,263,0,0,0,0,0,0,0,0,1,0,0,0,0,0,0,1,0,1,1,0,0,1,0,-1,0,0,0,1,0,1,1,0,0,0,0,0,0,0,0,0,0,0,-1,0,0,0,0,0,0
"tORH_LDga3t1bbuluhuxiQ",3.25,76,0,0,0,0,0,0,0,0,1,0,0,0,0,1,0,0,-1,0,-1,0,0,1,-1,0,-1,1,0,0,0,0,0,0,0,1,-1,0,0,0,0,0,0,0,0,0,0,0,0,0,0
"mOzxFBAHWwpuH7u5xP0oHw",3.28346456692913,127,0,0,0,0,0,0,0,0,-1,0,0,0,0,0,0,0,1,0,-1,0,0,0,0,0,0,0,1,0,0,0,0,0,0,0,0,0,0,0,0,0,0,0,1,0,-1,0,0,0,0
"WoNfkeivHzA--Tu79xO3IQ",3.93877551020408,49,0,0,0,0,-1,0,0,0,0,0,1,0,0,0,0,0,0,0,0,0,0,0,0,0,0,0,0,0,0,0,0,0,0,0,0,0,0,0,0,0,0,0,0,0,0,0,0,0,0
"NXTsT01IVpKYPpa_1L-Rlw",1.8448275862069,58,-1,0,0,0,0,-1,0,0,-1,0,0,0,0,0,0,0,0,1,0,0,0,-1,0,-1,0,0,0,0,0,0,0,0,0,0,0,0,0,0,0,-1,0,0,0,1,0,0,0,0,0
"Sh_c-UZ8Tk_H1porVieNmA",4.01156069364162,173,0,0,0,0,0,0,0,0,0,0,0,0,0,0,0,0,1,0,0,0,0,0,0,0,0,1,1,0,0,0,0,0,1,0,-1,0,0,0,0,1,0,0,1,1,1,0,0,0,0
"Dy99p5bWfr6g0UtlmPjDqg",3.85093167701863,161,0,1,0,0,0,-1,0,0,0,0,0,0,0,1,0,1,0,0,1,0,0,0,0,0,-1,1,1,1,0,1,-1,0,0,1,0,0,0,0,0,0,0,0,1,1,0,0,0,0,0
"OQzCZQl9BLU6d1HBxbCHCQ",4.05797101449275,69,0,1,0,0,0,0,0,0,-1,0,0,0,0,-1,0,0,-1,0,1,0,0,0,0,0,0,0,0,-1,0,0,0,0,0,0,1,0,0,0,0,1,0,0,0,1,0,0,0,0,0
"DIUK7_PjGCOMcpS2fBiALg",3.5,184,1,0,0,0,1,1,0,0,0,0,0,0,0,0,1,0,1,1,1,0,0,0,1,1,1,1,1,0,0,0,0,0,0,0,0,0,0,0,0,0,0,0,0,0,0,0,1,0,0
"Iq1P8S3--gqd50xoQJxpqA",4.33333333333333,57,0,0,0,0,0,0,0,0,0,0,0,0,0,0,0,0,0,0,0,0,0,0,0,0,0,0,0,0,0,0,0,0,0,0,1,0,0,0,0,0,0,0,0,0,0,0,0,0,0
"lv_ngvbgwcP5pd2hauMOTw",3.57142857142857,35,-1,0,1,0,0,0,0,0,-1,0,0,0,0,-1,0,0,0,0,0,0,0,0,0,0,0,0,0,0,0,0,0,0,0,0,0,0,0,0,0,0,0,0,0,0,0,0,0,0,0
"Mtv8HWZjZNiX2NQwxvZvcQ",4.46666666666667,30,0,0,0,0,0,0,0,0,0,0,0,1,0,0,0,0,0,0,0,0,0,1,0,1,1,0,0,0,0,0,0,0,0,0,0,0,0,0,0,0,0,0,0,0,0,0,0,0,0
"O75Lh99ZO6HCIqVVR-p9wg",4.14830508474576,236,0,0,0,0,0,0,0,0,1,0,0,0,0,1,0,0,0,0,0,0,0,1,0,0,0,1,1,0,0,0,1,-1,0,0,0,0,0,0,0,0,0,0,0,1,1,0,0,0,0
"jgh9iT5k7JxkeK9gu4VJAw",3.33333333333333,45,0,0,0,0,0,0,0,0,0,0,0,0,0,0,0,1,0,0,0,0,0,0,0,0,0,0,0,0,0,0,0,0,0,0,0,0,0,0,0,0,0,0,1,0,0,0,0,0,0
"i_r5yf-WrVJbMZWyOTv6UQ",4.45,40,0,0,0,0,0,0,0,0,0,0,-1,1,0,0,0,0,0,0,0,0,0,0,0,0,1,1,1,0,0,0,1,0,0,0,0,0,0,0,0,0,0,1,0,0,0,0,0,0,0
"rmNTGiMG8NH31b88tUNNfw",3.40540540540541,74,1,1,1,0,1,1,0,0,0,0,0,0,0,1,0,1,1,0,0,0,0,0,0,0,1,1,-1,0,0,0,0,1,0,0,1,0,0,0,0,0,0,-1,0,-1,0,0,0,0,0
"Wf7AV7JbR52qABil0bU8NA",2.32,75,1,0,0,0,0,-1,0,0,0,0,0,-1,0,1,0,0,1,0,-1,0,0,1,0,1,0,0,-1,0,0,0,0,0,0,0,0,0,0,0,0,0,0,-1,-1,1,1,0,1,0,0
"z61ppZjZkBJI9iz0wTf5nQ",3.71428571428571,35,0,0,0,0,0,0,0,0,0,0,0,0,0,0,0,0,0,0,0,0,0,0,0,0,0,0,0,0,0,0,0,0,0,0,0,0,0,0,0,0,0,0,0,0,0,0,0,0,0
"Wc1TtSuRgHXW8CLR7Rs7TA",3.96385542168675,83,-1,0,0,0,0,0,0,0,0,0,0,0,0,0,0,-1,0,0,0,0,0,1,0,0,1,0,1,0,0,1,0,0,0,0,0,0,0,0,0,0,0,1,0,0,1,0,0,0,0
"npqc1DO90A5TzavGmYyGhA",4.31578947368421,190,1,-1,0,0,0,0,0,0,0,0,0,0,0,0,0,0,0,0,1,0,0,0,0,1,1,0,1,0,0,1,0,0,0,0,1,0,0,0,0,0,0,-1,0,0,0,0,0,0,0
"b8u5AasAkEcqTwKlSjcHIw",3.96666666666667,30,0,0,0,0,0,0,0,-1,-1,0,0,0,0,0,0,1,0,0,0,0,0,0,0,0,0,0,0,0,0,0,0,0,0,0,1,0,0,0,0,-1,0,1,1,0,0,0,0,0,0
"lSIvkjmaXyKgPEkWc7qS_g",3,32,0,0,0,0,0,0,0,0,0,0,1,0,0,0,0,0,0,0,0,0,0,0,0,0,0,-1,0,0,0,0,0,0,0,0,-1,0,0,0,0,0,0,1,0,0,0,0,0,0,0
"ecXP80GWT6zZ2qqZHpUCtQ",3.88571428571429,35,0,0,0,0,0,0,0,0,0,0,0,0,0,0,0,0,0,0,0,0,0,1,0,0,0,0,0,0,0,0,1,0,0,0,1,0,0,0,0,0,0,0,0,1,0,0,0,0,0
"yLH9mFFwOlzFB_fYKpSyLw",3.98648648648649,74,-1,0,0,0,0,0,0,0,0,0,0,0,0,-1,0,1,0,0,-1,0,0,0,0,0,0,0,0,0,0,-1,0,0,0,0,0,0,0,0,0,0,0,0,1,0,0,0,0,0,0
"fpwMWuKAR8joNW1B4N3e5w",4.15909090909091,88,0,0,0,0,0,0,0,0,0,0,0,0,0,0,0,1,0,1,0,0,0,0,0,1,0,0,0,0,0,0,0,0,0,0,0,0,0,0,0,0,0,0,1,0,0,0,0,0,0
"VRTrhsYKSJo1kGX5RqBlFA",3.5036496350365,137,0,0,0,1,0,0,0,0,0,0,0,1,0,0,0,0,1,0,1,0,0,0,0,0,0,0,1,0,0,0,0,0,0,0,-1,0,0,0,0,0,0,0,0,0,0,0,0,0,0
"ZliwQrjUnAosBLM8W_bsGQ",4.264,250,0,0,0,0,0,0,0,0,1,0,1,0,0,1,0,0,0,0,0,-1,0,1,0,1,1,1,1,0,0,-1,0,0,0,0,0,0,0,0,0,0,0,0,1,0,0,0,0,0,0
"1ru9ZnIcSXKtD-jQoxLzNg",3.70161290322581,124,0,0,0,0,0,0,0,0,-1,0,0,0,0,-1,0,0,0,1,1,0,0,1,0,1,1,0,1,0,0,0,0,0,0,0,0,0,0,0,0,0,1,0,0,1,0,0,0,0,0
"g3xzSAq_IcF1HeB7yd_LBg",3.54032258064516,124,0,0,0,0,0,0,0,0,0,0,0,0,0,0,0,0,0,0,0,0,0,0,0,0,0,0,0,0,0,0,0,0,0,0,0,0,0,0,0,0,0,0,-1,-1,-1,0,0,0,0
"UidScb9HFDSD3NBw8MLuGw",2.78947368421053,152,-1,0,0,1,0,0,0,-1,0,0,0,0,0,0,0,0,0,-1,1,0,0,0,0,-1,1,1,0,0,0,0,0,1,1,0,0,0,0,0,0,0,0,0,1,0,0,0,0,0,0
"RGCiOM52mBI6_Wyfx2xO6A",3.98611111111111,72,1,0,0,0,0,0,0,0,1,0,0,0,0,1,0,1,0,0,0,0,0,1,0,1,0,0,1,0,1,1,0,0,0,0,0,0,0,0,0,0,0,0,0,0,-1,0,0,0,0
"s44Pr0mXmAtxiRqz_m9CPA",3.75675675675676,37,-1,0,0,0,0,1,0,0,-1,0,0,0,0,0,0,1,1,0,0,0,0,0,0,0,0,0,0,0,0,0,0,0,0,0,-1,0,0,0,0,0,0,1,0,0,0,0,-1,0,0
"f1loh_1c_zp6P1Zv9KSaPg",2.59375,64,0,0,0,0,0,0,0,0,0,0,0,0,0,0,0,0,1,0,0,0,0,0,0,1,0,-1,0,0,0,1,0,0,0,0,0,0,0,0,0,0,0,0,1,0,-1,0,0,0,0
"cFxGP_IC4REtJspMNQ3vLg",3.59090909090909,44,0,0,0,0,0,1,0,0,-1,0,0,0,1,0,0,1,0,0,0,0,0,0,0,0,1,0,0,0,0,0,0,0,0,0,1,0,0,0,0,0,0,0,0,0,0,0,0,0,0
"8iRfD5IizYki0F8QlAlL2g",2.68831168831169,77,0,0,0,0,0,0,0,0,0,0,-1,0,0,0,0,0,0,0,0,0,0,0,0,-1,1,0,0,0,0,0,0,0,0,0,0,0,0,0,0,0,0,0,0,0,-1,0,0,0,0
"NKx2a3_PQ9c7Ts_A6JxKWQ",2.74,50,1,0,0,0,0,0,0,0,-1,0,0,0,0,0,0,0,0,0,0,0,0,0,0,0,0,-1,0,0,0,-1,0,0,0,0,0,0,0,0,0,0,0,0,-1,0,-1,0,0,0,0
"GdnLAgRXt43eISMtJEOZRg",3.73493975903614,83,0,0,0,0,0,0,0,0,0,0,0,0,0,0,0,0,0,0,1,0,0,0,0,-1,0,0,0,0,0,0,0,0,0,0,1,0,0,0,0,0,0,0,1,0,0,0,0,0,0
"nWbKigQTHKXMuwsvva_rXQ",4.04615384615385,65,0,0,0,0,0,0,0,0,0,0,0,0,0,0,0,0,0,0,0,0,0,0,0,0,0,1,0,0,0,0,0,0,0,0,0,0,0,0,0,0,0,0,0,0,0,0,0,0,0
"vyMHDAU2ZW0n2AhxKZtT3Q",4.15714285714286,70,0,1,0,0,0,0,0,0,0,0,0,0,0,0,0,0,0,0,0,0,0,0,0,0,0,0,0,0,0,1,0,0,0,0,0,0,0,0,0,0,0,0,1,0,1,0,0,0,0
"sNpLtuBXVwCBHH5qx3Byrg",2.20754716981132,53,1,1,0,0,0,0,0,-1,0,0,0,0,0,1,0,0,0,1,0,0,0,-1,0,-1,1,0,-1,0,0,0,0,0,0,0,0,0,0,0,0,0,0,0,0,1,1,0,0,0,0
"wPRMHVXKndQZj2Or2mCz8A",3.83333333333333,60,1,0,0,0,0,0,0,0,0,0,1,0,0,0,0,0,0,0,0,0,0,1,0,0,0,0,0,0,0,0,0,0,0,0,-1,0,0,0,0,0,0,0,1,0,0,0,0,0,0
"aLf_bFRNxxGdte8GrIAN4g",3.69444444444444,36,1,0,0,1,0,1,0,0,0,0,0,0,-1,1,0,1,0,0,0,0,0,0,0,0,0,0,0,0,0,0,0,0,0,0,0,0,0,0,0,0,0,-1,1,0,-1,0,0,0,0
"HlYzk84INQaNslFT-lyBFw",2.1063829787234,47,-1,1,0,0,0,0,0,0,0,0,0,0,0,0,0,0,0,0,0,0,0,-1,0,0,0,0,0,0,0,0,0,0,0,0,1,0,0,0,0,0,0,0,-1,-1,0,0,0,0,0
"lw_vRdg4qUprQEgWDG6czQ",2.87179487179487,39,-1,0,0,0,0,0,0,0,0,0,0,0,0,0,-1,0,0,0,0,0,0,-1,0,0,0,0,0,0,0,0,0,0,0,0,-1,0,0,0,0,0,0,0,1,0,0,0,-1,0,0
"WoFTWkoOrciT0TEvRJcSTQ",2.62162162162162,37,0,0,0,0,0,1,0,0,0,0,0,1,0,0,0,0,0,1,0,0,0,1,0,0,0,0,0,0,0,0,0,0,0,0,0,0,0,0,0,0,0,-1,0,0,0,0,0,0,0
"xv9e-_gJ4F1TXrycEPpMuw",4.51428571428571,35,0,0,0,0,0,0,0,0,0,0,0,0,0,0,0,0,0,0,0,0,0,0,0,0,1,0,0,0,0,0,0,0,0,0,1,0,0,0,0,0,0,0,1,0,0,0,0,0,0
"pH9HF3GfJKJAdKDHcoUI4w",3.64406779661017,59,1,0,0,0,0,0,0,0,0,0,0,0,0,0,0,1,0,1,0,0,0,1,0,1,1,-1,1,0,0,0,0,0,0,0,0,0,0,0,0,0,-1,0,0,0,0,0,0,0,0
"B0KLBjiTkR4gz-fYDYv13A",4.13235294117647,68,0,0,0,0,0,0,0,0,0,0,0,0,0,1,0,0,0,0,0,0,0,0,0,0,1,0,1,0,0,0,0,0,0,0,0,0,0,0,0,0,0,0,0,0,0,0,0,0,0
"dsvLqlcYaD0QbVGjVKm-lg",3.8974358974359,39,1,0,0,0,0,1,0,0,0,0,0,0,0,0,0,1,0,1,1,0,0,0,0,0,0,0,1,0,0,0,0,0,0,0,1,0,0,0,0,0,0,0,0,0,0,0,0,0,0
"m3Gjw27yTlmNYG1cuTWlBw",3.4,30,0,0,0,0,0,0,0,0,0,0,0,0,0,0,0,0,1,1,0,0,0,0,0,1,0,0,0,0,0,0,0,0,0,0,0,0,0,0,0,0,0,0,0,0,0,0,0,0,0
"P5OEpAGm05NyTJhqUYXOQA",4.375,40,0,0,0,0,0,0,0,0,0,0,0,0,0,0,0,0,0,0,0,0,0,0,0,0,1,1,1,0,1,0,1,0,0,0,1,0,0,0,0,0,0,0,0,0,0,0,0,0,0
"0vyh1UE4HH8ayZtXNxIfeQ",2.85,40,0,0,0,0,0,0,0,0,0,0,0,0,0,0,0,0,0,0,0,0,0,0,0,-1,0,0,0,0,0,0,0,0,0,0,0,0,0,0,0,0,0,1,0,0,0,0,0,0,0
"VLM7exTU8wRmPVxI4uKi1w",4.53658536585366,41,1,1,-1,0,0,1,0,0,0,0,0,0,0,0,0,1,-1,0,0,0,0,0,0,0,0,0,0,0,0,0,0,0,0,0,0,0,0,0,0,0,0,0,0,0,0,0,0,0,0
"rck304cyCwAxQbUAOuuMwg",3.11764705882353,34,0,0,-1,1,0,0,0,0,-1,0,0,0,0,-1,0,0,0,0,0,0,0,-1,0,0,0,0,0,0,0,0,0,0,0,0,0,0,0,0,0,0,0,0,0,1,0,0,0,0,0
"QBDwbEEc9uEnn7dzVZu60Q",3.88,75,1,0,0,0,0,0,0,0,0,0,0,0,0,0,0,1,1,0,1,0,0,1,0,0,0,0,0,0,0,0,0,0,0,0,0,0,0,0,0,0,0,0,0,0,1,0,0,0,0
"B5EZlEDH6AVDk8tQGHAGqg",4.26086956521739,46,1,0,0,0,0,0,0,0,0,0,0,0,0,-1,0,1,1,0,1,0,0,0,0,1,1,0,0,0,0,0,0,0,0,0,1,0,0,0,0,0,0,0,0,0,0,0,0,0,0
"70xPPH9jN7TI9etfueFetA",3.61290322580645,31,0,0,0,0,1,1,0,0,1,0,0,1,0,0,0,0,0,0,0,0,0,0,0,0,1,0,0,0,0,0,0,0,0,0,0,0,0,0,0,0,0,1,1,1,0,0,0,0,0
"Xdr6RerdQQZiG7tKrTg6fQ",4.05128205128205,39,0,-1,0,0,0,0,0,0,0,0,0,-1,0,0,0,0,0,0,0,0,0,1,0,1,1,0,0,0,0,0,0,0,0,0,0,0,0,0,0,0,0,0,0,0,0,0,0,0,0
"U5pW5iuYdB_8NxEopCnpqQ",3.46666666666667,30,0,0,0,0,0,0,0,0,0,0,0,0,0,1,0,0,0,0,0,0,0,0,0,0,1,-1,0,0,0,0,0,0,0,0,1,0,0,0,0,0,0,0,1,0,0,0,0,0,0
